Geography,Geo Code,Sex (3),Detailed mother,Total - Knowledge of official languages,English only,French only,English and French,Neither English nor French
Nunavut,62,Total - Sex,Total - Mother tongue,35690,32065,55,1520,2050
Nunavut,62,Total - Sex,Single responses,34955,31380,55,1480,2045
Nunavut,62,Total - Sex,Official languages,11615,10285,50,1265,15
Nunavut,62,Total - Sex,English,11020,10255,0,755,15
Nunavut,62,Total - Sex,French,595,30,50,515,0
Nunavut,62,Total - Sex,Non-official languages,23345,21095,5,215,2025
Nunavut,62,Total - Sex,Aboriginal languages,22615,20480,5,110,2015
Nunavut,62,Total - Sex,Algonquian languages,15,10,0,0,0
Nunavut,62,Total - Sex,Blackfoot,0,0,0,0,0
Nunavut,62,Total - Sex,Cree-Montagnais languages,0,5,0,0,0
Nunavut,62,Total - Sex,Atikamekw,0,0,0,0,0
Nunavut,62,Total - Sex,Montagnais (Innu),0,0,0,0,0
Nunavut,62,Total - Sex,Moose Cree,0,0,0,0,0
Nunavut,62,Total - Sex,Naskapi,0,0,0,0,0
Nunavut,62,Total - Sex,Northern East Cree,0,0,0,0,0
Nunavut,62,Total - Sex,Plains Cree,0,0,0,0,0
Nunavut,62,Total - Sex,Southern East Cree,0,0,0,0,0
Nunavut,62,Total - Sex,Swampy Cree,0,0,0,0,0
Nunavut,62,Total - Sex,Woods Cree,0,0,0,0,0
Nunavut,62,Total - Sex,"Cree, n.o.s.",5,0,0,0,0
Nunavut,62,Total - Sex,Eastern Algonquian languages,5,5,0,0,0
Nunavut,62,Total - Sex,Malecite,0,0,0,0,0
Nunavut,62,Total - Sex,Mi'kmaq,5,0,0,5,0
Nunavut,62,Total - Sex,Ojibway-Potawatomi languages,0,5,0,0,0
Nunavut,62,Total - Sex,Algonquin,0,0,0,0,0
Nunavut,62,Total - Sex,Ojibway,5,5,0,0,0
Nunavut,62,Total - Sex,Oji-Cree,0,0,0,0,0
Nunavut,62,Total - Sex,Ottawa (Odawa),0,0,0,0,0
Nunavut,62,Total - Sex,"Algonquian languages, n.i.e.",0,0,0,0,0
Nunavut,62,Total - Sex,Athabaskan languages,5,0,0,0,0
Nunavut,62,Total - Sex,Northern Athabaskan languages,0,0,0,0,0
Nunavut,62,Total - Sex,Babine (Wetsuwet'en),0,0,0,0,0
Nunavut,62,Total - Sex,Beaver,0,0,0,0,0
Nunavut,62,Total - Sex,Carrier,0,0,0,0,0
Nunavut,62,Total - Sex,Chilcotin,0,0,0,0,0
Nunavut,62,Total - Sex,Dene,0,0,0,0,0
Nunavut,62,Total - Sex,Dogrib (Tlicho),0,0,0,0,0
Nunavut,62,Total - Sex,Gwich'in,0,0,0,0,0
Nunavut,62,Total - Sex,Sarsi (Sarcee),0,0,0,0,0
Nunavut,62,Total - Sex,Sekani,0,0,0,0,0
Nunavut,62,Total - Sex,Slavey-Hare languages,0,0,0,0,0
Nunavut,62,Total - Sex,North Slavey (Hare),0,0,0,0,0
Nunavut,62,Total - Sex,South Slavey,0,0,0,0,0
Nunavut,62,Total - Sex,"Slavey, n.o.s.",0,0,0,0,0
Nunavut,62,Total - Sex,Tahltan languages,0,0,0,0,0
Nunavut,62,Total - Sex,Kaska (Nahani),0,0,0,0,0
Nunavut,62,Total - Sex,Tahltan,0,0,0,0,0
Nunavut,62,Total - Sex,Tutchone languages,0,0,0,0,0
Nunavut,62,Total - Sex,Northern Tutchone,0,0,0,0,0
Nunavut,62,Total - Sex,Southern Tutchone,0,0,0,0,0
Nunavut,62,Total - Sex,"Athabaskan languages, n.i.e.",0,0,0,0,0
Nunavut,62,Total - Sex,Haida,0,0,0,0,0
Nunavut,62,Total - Sex,Inuit languages,22600,20470,5,110,2015
Nunavut,62,Total - Sex,Inuinnaqtun (Inuvialuktun),495,480,0,5,10
Nunavut,62,Total - Sex,Inuktitut,22070,19960,5,105,1995
Nunavut,62,Total - Sex,"Inuit languages, n.i.e.",35,30,0,5,0
Nunavut,62,Total - Sex,Iroquoian languages,0,0,0,0,0
Nunavut,62,Total - Sex,Cayuga,0,0,0,0,0
Nunavut,62,Total - Sex,Mohawk,0,0,0,0,0
Nunavut,62,Total - Sex,Oneida,0,0,0,0,0
Nunavut,62,Total - Sex,"Iroquoian languages, n.i.e.",0,0,0,0,0
Nunavut,62,Total - Sex,Kutenai,0,0,0,0,0
Nunavut,62,Total - Sex,Michif,0,0,0,0,0
Nunavut,62,Total - Sex,Salish languages,0,0,0,0,0
Nunavut,62,Total - Sex,Comox,0,0,0,0,0
Nunavut,62,Total - Sex,Halkomelem,0,0,0,0,0
Nunavut,62,Total - Sex,Lillooet,0,0,0,0,0
Nunavut,62,Total - Sex,Okanagan,0,0,0,0,0
Nunavut,62,Total - Sex,Shuswap (Secwepemctsin),0,0,0,0,0
Nunavut,62,Total - Sex,Squamish,0,0,0,0,0
Nunavut,62,Total - Sex,Straits,0,0,0,0,0
Nunavut,62,Total - Sex,Thompson (Ntlakapamux),0,0,0,0,0
Nunavut,62,Total - Sex,"Salish languages, n.i.e.",0,0,0,0,0
Nunavut,62,Total - Sex,Siouan languages,0,0,0,0,0
Nunavut,62,Total - Sex,Dakota,0,0,0,0,0
Nunavut,62,Total - Sex,Stoney,0,0,0,0,0
Nunavut,62,Total - Sex,"Siouan languages, n.i.e.",0,0,0,0,0
Nunavut,62,Total - Sex,Tlingit,0,0,0,0,0
Nunavut,62,Total - Sex,Tsimshian languages,0,0,0,0,0
Nunavut,62,Total - Sex,Gitxsan (Gitksan),0,0,0,0,0
Nunavut,62,Total - Sex,Nisga'a,0,0,0,0,0
Nunavut,62,Total - Sex,Tsimshian,0,0,0,0,0
Nunavut,62,Total - Sex,Wakashan languages,0,0,0,0,0
Nunavut,62,Total - Sex,Haisla,0,0,0,0,0
Nunavut,62,Total - Sex,Heiltsuk,0,0,0,0,0
Nunavut,62,Total - Sex,Kwakiutl (Kwak'wala),0,0,0,0,0
Nunavut,62,Total - Sex,Nuu-chah-nulth (Nootka),0,0,0,0,0
Nunavut,62,Total - Sex,"Wakashan languages, n.i.e.",0,0,0,0,0
Nunavut,62,Total - Sex,"Aboriginal languages, n.o.s.",0,0,0,0,0
Nunavut,62,Total - Sex,Non-Aboriginal languages,735,615,0,105,10
Nunavut,62,Total - Sex,Afro-Asiatic languages,75,65,0,10,0
Nunavut,62,Total - Sex,Berber languages,0,0,0,0,0
Nunavut,62,Total - Sex,Kabyle,0,0,0,0,0
Nunavut,62,Total - Sex,"Berber languages, n.i.e.",0,0,0,0,0
Nunavut,62,Total - Sex,Cushitic languages,15,10,0,0,0
Nunavut,62,Total - Sex,Bilen,0,0,0,0,0
Nunavut,62,Total - Sex,Oromo,5,0,0,0,0
Nunavut,62,Total - Sex,Somali,10,10,0,0,0
Nunavut,62,Total - Sex,"Cushitic languages, n.i.e.",0,0,0,0,0
Nunavut,62,Total - Sex,Semitic languages,60,50,0,15,0
Nunavut,62,Total - Sex,Amharic,20,20,0,0,0
Nunavut,62,Total - Sex,Arabic,35,25,0,15,0
Nunavut,62,Total - Sex,Assyrian Neo-Aramaic,0,0,0,0,0
Nunavut,62,Total - Sex,Chaldean Neo-Aramaic,0,0,0,0,0
Nunavut,62,Total - Sex,Harari,0,0,0,0,0
Nunavut,62,Total - Sex,Hebrew,0,0,0,0,0
Nunavut,62,Total - Sex,Maltese,0,0,0,0,0
Nunavut,62,Total - Sex,Tigrigna,5,0,0,0,0
Nunavut,62,Total - Sex,"Semitic languages, n.i.e.",0,0,0,0,0
Nunavut,62,Total - Sex,"Afro-Asiatic languages, n.i.e.",0,0,0,0,0
Nunavut,62,Total - Sex,Austro-Asiatic languages,0,0,0,0,0
Nunavut,62,Total - Sex,Khmer (Cambodian),0,0,0,0,0
Nunavut,62,Total - Sex,Vietnamese,0,0,0,0,0
Nunavut,62,Total - Sex,"Austro-Asiatic languages, n.i.e",0,0,0,0,0
Nunavut,62,Total - Sex,Austronesian languages,175,170,0,5,0
Nunavut,62,Total - Sex,Bikol,5,0,0,0,0
Nunavut,62,Total - Sex,Cebuano,5,5,0,0,0
Nunavut,62,Total - Sex,Fijian,0,0,0,0,0
Nunavut,62,Total - Sex,Hiligaynon,10,5,0,0,0
Nunavut,62,Total - Sex,Ilocano,25,20,0,0,0
Nunavut,62,Total - Sex,Malagasy,0,0,0,0,0
Nunavut,62,Total - Sex,Malay,5,0,0,0,0
Nunavut,62,Total - Sex,"Pampangan (Kapampangan, Pampango)",0,0,0,0,0
Nunavut,62,Total - Sex,Pangasinan,0,0,0,0,0
Nunavut,62,Total - Sex,"Tagalog (Pilipino, Filipino)",135,135,0,5,0
Nunavut,62,Total - Sex,Waray-Waray,0,0,0,0,0
Nunavut,62,Total - Sex,"Austronesian languages, n.i.e.",0,0,0,0,0
Nunavut,62,Total - Sex,Creole languages,0,5,0,5,0
Nunavut,62,Total - Sex,Haitian Creole,0,0,0,0,0
Nunavut,62,Total - Sex,"Creole, n.o.s.",5,0,0,5,0
Nunavut,62,Total - Sex,"Creole languages, n.i.e.",0,0,0,0,0
Nunavut,62,Total - Sex,Dravidian languages,20,20,0,0,0
Nunavut,62,Total - Sex,Kannada,0,0,0,0,0
Nunavut,62,Total - Sex,Malayalam,5,5,0,0,0
Nunavut,62,Total - Sex,Tamil,20,15,0,0,0
Nunavut,62,Total - Sex,Telugu,0,0,0,0,0
Nunavut,62,Total - Sex,"Dravidian languages, n.i.e.",0,0,0,0,0
Nunavut,62,Total - Sex,Hmong-Mien languages,0,0,0,0,0
Nunavut,62,Total - Sex,Indo-European languages,270,210,5,55,5
Nunavut,62,Total - Sex,Albanian,0,0,0,0,0
Nunavut,62,Total - Sex,Armenian,0,0,0,5,0
Nunavut,62,Total - Sex,Balto-Slavic languages,45,35,0,10,0
Nunavut,62,Total - Sex,Baltic languages,0,0,0,0,0
Nunavut,62,Total - Sex,Latvian,0,0,0,0,0
Nunavut,62,Total - Sex,Lithuanian,0,0,0,0,0
Nunavut,62,Total - Sex,Slavic languages,45,30,0,10,0
Nunavut,62,Total - Sex,Belarusan,0,0,0,0,0
Nunavut,62,Total - Sex,Bosnian,0,0,0,0,0
Nunavut,62,Total - Sex,Bulgarian,0,5,0,0,0
Nunavut,62,Total - Sex,Croatian,0,0,0,0,0
Nunavut,62,Total - Sex,Czech,5,5,0,0,0
Nunavut,62,Total - Sex,Macedonian,0,0,0,0,0
Nunavut,62,Total - Sex,Polish,15,10,0,0,0
Nunavut,62,Total - Sex,Russian,10,10,0,0,0
Nunavut,62,Total - Sex,Serbian,0,0,0,0,0
Nunavut,62,Total - Sex,Serbo-Croatian,0,0,0,0,0
Nunavut,62,Total - Sex,Slovak,0,0,0,0,0
Nunavut,62,Total - Sex,Slovene (Slovenian),0,0,0,0,0
Nunavut,62,Total - Sex,Ukrainian,5,5,0,5,0
Nunavut,62,Total - Sex,"Slavic languages, n.i.e.",0,0,0,0,0
Nunavut,62,Total - Sex,Celtic languages,0,5,0,0,0
Nunavut,62,Total - Sex,Scottish Gaelic,0,0,0,0,0
Nunavut,62,Total - Sex,Welsh,0,0,0,0,0
Nunavut,62,Total - Sex,"Celtic languages, n.i.e.",0,0,0,0,0
Nunavut,62,Total - Sex,Germanic languages,70,50,0,20,0
Nunavut,62,Total - Sex,Afrikaans,0,0,0,0,0
Nunavut,62,Total - Sex,Danish,5,5,0,0,0
Nunavut,62,Total - Sex,Dutch,10,10,0,0,0
Nunavut,62,Total - Sex,Frisian,5,5,0,0,0
Nunavut,62,Total - Sex,German,40,25,0,10,0
Nunavut,62,Total - Sex,Icelandic,0,0,0,0,0
Nunavut,62,Total - Sex,Norwegian,10,10,0,0,0
Nunavut,62,Total - Sex,Swedish,0,0,0,0,0
Nunavut,62,Total - Sex,Vlaams (Flemish),0,0,0,0,0
Nunavut,62,Total - Sex,Yiddish,0,0,0,0,0
Nunavut,62,Total - Sex,"Germanic languages, n.i.e.",0,0,0,5,0
Nunavut,62,Total - Sex,Greek,5,5,0,5,0
Nunavut,62,Total - Sex,Indo-Iranian languages,85,80,0,10,0
Nunavut,62,Total - Sex,Indo-Aryan languages,80,70,0,5,0
Nunavut,62,Total - Sex,Bengali,30,25,0,5,0
Nunavut,62,Total - Sex,Gujarati,5,5,0,0,0
Nunavut,62,Total - Sex,Hindi,10,5,0,0,0
Nunavut,62,Total - Sex,Kashmiri,0,0,0,0,0
Nunavut,62,Total - Sex,Konkani,0,0,0,0,0
Nunavut,62,Total - Sex,Marathi,5,5,0,0,0
Nunavut,62,Total - Sex,Nepali,0,0,0,0,0
Nunavut,62,Total - Sex,Oriya (Odia),0,0,0,0,0
Nunavut,62,Total - Sex,Punjabi (Panjabi),5,5,0,0,0
Nunavut,62,Total - Sex,Sindhi,0,0,0,0,0
Nunavut,62,Total - Sex,Sinhala (Sinhalese),5,0,0,0,0
Nunavut,62,Total - Sex,Urdu,25,25,0,0,0
Nunavut,62,Total - Sex,Iranian languages,10,10,0,0,0
Nunavut,62,Total - Sex,Kurdish,0,0,0,0,0
Nunavut,62,Total - Sex,Pashto,0,0,0,0,0
Nunavut,62,Total - Sex,Persian (Farsi),5,5,0,0,0
Nunavut,62,Total - Sex,"Indo-Iranian languages, n.i.e.",0,0,0,0,0
Nunavut,62,Total - Sex,Italic (Romance) languages,60,45,0,15,5
Nunavut,62,Total - Sex,Catalan,0,0,0,0,0
Nunavut,62,Total - Sex,Italian,10,5,0,0,0
Nunavut,62,Total - Sex,Portuguese,5,5,0,0,0
Nunavut,62,Total - Sex,Romanian,5,5,0,0,0
Nunavut,62,Total - Sex,Spanish,45,35,0,10,5
Nunavut,62,Total - Sex,"Italic (Romance) languages, n.i.e.",0,0,0,0,0
Nunavut,62,Total - Sex,Japanese,5,5,0,0,0
Nunavut,62,Total - Sex,Kartvelian languages,0,0,0,0,0
Nunavut,62,Total - Sex,Georgian,0,0,0,0,0
Nunavut,62,Total - Sex,Korean,5,5,0,0,0
Nunavut,62,Total - Sex,Mongolic languages,0,0,0,0,0
Nunavut,62,Total - Sex,Mongolian,0,0,0,0,0
Nunavut,62,Total - Sex,Niger-Congo languages,75,60,0,15,0
Nunavut,62,Total - Sex,Akan (Twi),5,5,0,0,0
Nunavut,62,Total - Sex,Bamanankan,0,0,0,0,0
Nunavut,62,Total - Sex,Edo,0,0,0,0,0
Nunavut,62,Total - Sex,Ewe,0,0,0,0,0
Nunavut,62,Total - Sex,"Fulah (Pular, Pulaar, Fulfulde)",0,0,0,0,0
Nunavut,62,Total - Sex,Ga,0,0,0,0,0
Nunavut,62,Total - Sex,Ganda,0,0,0,0,0
Nunavut,62,Total - Sex,Igbo,5,5,0,0,0
Nunavut,62,Total - Sex,Lingala,0,0,0,0,0
Nunavut,62,Total - Sex,Rundi (Kirundi),0,0,0,0,0
Nunavut,62,Total - Sex,Kinyarwanda (Rwanda),0,0,0,0,0
Nunavut,62,Total - Sex,Shona,15,15,0,0,0
Nunavut,62,Total - Sex,Swahili,5,5,0,0,0
Nunavut,62,Total - Sex,Wolof,0,0,0,0,0
Nunavut,62,Total - Sex,Yoruba,10,10,0,5,0
Nunavut,62,Total - Sex,"Niger-Congo languages, n.i.e.",30,25,0,10,0
Nunavut,62,Total - Sex,Nilo-Saharan languages,0,0,0,0,0
Nunavut,62,Total - Sex,Dinka,0,0,0,0,0
Nunavut,62,Total - Sex,"Nilo-Saharan languages, n.i.e.",0,0,0,0,0
Nunavut,62,Total - Sex,Sign languages,20,15,0,0,10
Nunavut,62,Total - Sex,American Sign Language,5,5,0,0,0
Nunavut,62,Total - Sex,Quebec Sign Language,0,0,0,0,0
Nunavut,62,Total - Sex,"Sign languages, n.i.e",15,10,0,0,5
Nunavut,62,Total - Sex,Sino-Tibetan languages,50,40,0,10,0
Nunavut,62,Total - Sex,Chinese languages,50,35,0,10,5
Nunavut,62,Total - Sex,Cantonese,20,15,0,5,0
Nunavut,62,Total - Sex,Hakka,0,0,0,0,0
Nunavut,62,Total - Sex,Mandarin,10,10,0,5,0
Nunavut,62,Total - Sex,Min Dong,0,0,0,0,0
Nunavut,62,Total - Sex,"Min Nan (Chaochow, Teochow, Fukien, Taiwanese)",0,0,0,0,0
Nunavut,62,Total - Sex,Wu (Shanghainese),0,0,0,0,0
Nunavut,62,Total - Sex,"Chinese, n.o.s.",20,15,0,0,5
Nunavut,62,Total - Sex,"Chinese languages, n.i.e.",0,0,0,0,0
Nunavut,62,Total - Sex,Tibeto-Burman languages,0,0,0,0,0
Nunavut,62,Total - Sex,Burmese,0,5,0,0,0
Nunavut,62,Total - Sex,Karenic languages,0,0,0,0,0
Nunavut,62,Total - Sex,Tibetan,0,0,0,0,0
Nunavut,62,Total - Sex,"Tibeto-Burman languages, n.i.e.",0,0,0,0,0
Nunavut,62,Total - Sex,Tai-Kadai languages,5,0,0,0,0
Nunavut,62,Total - Sex,Lao,0,0,0,0,0
Nunavut,62,Total - Sex,Thai,0,0,0,0,0
Nunavut,62,Total - Sex,"Tai-Kadai languages, n.i.e",0,0,0,0,0
Nunavut,62,Total - Sex,Turkic languages,5,5,0,0,0
Nunavut,62,Total - Sex,Azerbaijani,0,0,0,0,0
Nunavut,62,Total - Sex,Turkish,0,5,0,0,0
Nunavut,62,Total - Sex,Uyghur,0,0,0,0,0
Nunavut,62,Total - Sex,Uzbek,0,0,0,0,0
Nunavut,62,Total - Sex,"Turkic languages, n.i.e.",0,0,0,0,0
Nunavut,62,Total - Sex,Uralic languages,20,10,0,5,0
Nunavut,62,Total - Sex,Estonian,0,0,0,0,0
Nunavut,62,Total - Sex,Finnish,10,5,0,0,0
Nunavut,62,Total - Sex,Hungarian,10,5,0,0,0
Nunavut,62,Total - Sex,"Uralic languages, n.i.e.",0,0,0,0,0
Nunavut,62,Total - Sex,"Other languages, n.i.e.",10,5,0,0,0
Nunavut,62,Total - Sex,Multiple responses,735,685,0,45,5
Nunavut,62,Total - Sex,English and French,25,0,0,20,0
Nunavut,62,Total - Sex,English and non-official language,690,675,0,10,5
Nunavut,62,Total - Sex,French and non-official language,10,10,0,0,0
Nunavut,62,Total - Sex,"English, French and non-official language",10,0,0,5,0
Nunavut,62,Male,Total - Mother tongue,18200,16350,35,795,1025
Nunavut,62,Male,Single responses,17830,15995,35,775,1020
Nunavut,62,Male,Official languages,6090,5380,35,665,5
Nunavut,62,Male,English,5740,5365,0,365,5
Nunavut,62,Male,French,350,15,30,300,0
Nunavut,62,Male,Non-official languages,11740,10615,5,110,1015
Nunavut,62,Male,Aboriginal languages,11360,10305,0,50,1010
Nunavut,62,Male,Algonquian languages,5,5,0,0,0
Nunavut,62,Male,Blackfoot,0,0,0,0,0
Nunavut,62,Male,Cree-Montagnais languages,0,5,0,0,0
Nunavut,62,Male,Atikamekw,0,0,0,0,0
Nunavut,62,Male,Montagnais (Innu),0,0,0,0,0
Nunavut,62,Male,Moose Cree,0,0,0,0,0
Nunavut,62,Male,Naskapi,0,0,0,0,0
Nunavut,62,Male,Northern East Cree,0,0,0,0,0
Nunavut,62,Male,Plains Cree,0,0,0,0,0
Nunavut,62,Male,Southern East Cree,0,0,0,0,0
Nunavut,62,Male,Swampy Cree,0,0,0,0,0
Nunavut,62,Male,Woods Cree,0,0,0,0,0
Nunavut,62,Male,"Cree, n.o.s.",0,0,0,0,0
Nunavut,62,Male,Eastern Algonquian languages,0,5,0,0,0
Nunavut,62,Male,Malecite,0,0,0,0,0
Nunavut,62,Male,Mi'kmaq,0,5,0,5,0
Nunavut,62,Male,Ojibway-Potawatomi languages,0,0,0,0,0
Nunavut,62,Male,Algonquin,0,0,0,0,0
Nunavut,62,Male,Ojibway,0,0,0,0,0
Nunavut,62,Male,Oji-Cree,0,0,0,0,0
Nunavut,62,Male,Ottawa (Odawa),0,0,0,0,0
Nunavut,62,Male,"Algonquian languages, n.i.e.",0,0,0,0,0
Nunavut,62,Male,Athabaskan languages,0,0,0,0,0
Nunavut,62,Male,Northern Athabaskan languages,0,0,0,0,0
Nunavut,62,Male,Babine (Wetsuwet'en),0,0,0,0,0
Nunavut,62,Male,Beaver,0,0,0,0,0
Nunavut,62,Male,Carrier,0,0,0,0,0
Nunavut,62,Male,Chilcotin,0,0,0,0,0
Nunavut,62,Male,Dene,0,0,0,0,0
Nunavut,62,Male,Dogrib (Tlicho),0,0,0,0,0
Nunavut,62,Male,Gwich'in,0,0,0,0,0
Nunavut,62,Male,Sarsi (Sarcee),0,0,0,0,0
Nunavut,62,Male,Sekani,0,0,0,0,0
Nunavut,62,Male,Slavey-Hare languages,0,0,0,0,0
Nunavut,62,Male,North Slavey (Hare),0,0,0,0,0
Nunavut,62,Male,South Slavey,0,0,0,0,0
Nunavut,62,Male,"Slavey, n.o.s.",0,0,0,0,0
Nunavut,62,Male,Tahltan languages,0,0,0,0,0
Nunavut,62,Male,Kaska (Nahani),0,0,0,0,0
Nunavut,62,Male,Tahltan,0,0,0,0,0
Nunavut,62,Male,Tutchone languages,0,0,0,0,0
Nunavut,62,Male,Northern Tutchone,0,0,0,0,0
Nunavut,62,Male,Southern Tutchone,0,0,0,0,0
Nunavut,62,Male,"Athabaskan languages, n.i.e.",0,0,0,0,0
Nunavut,62,Male,Haida,0,0,0,0,0
Nunavut,62,Male,Inuit languages,11355,10295,0,50,1005
Nunavut,62,Male,Inuinnaqtun (Inuvialuktun),220,210,0,5,0
Nunavut,62,Male,Inuktitut,11125,10075,0,45,1005
Nunavut,62,Male,"Inuit languages, n.i.e.",15,10,0,0,0
Nunavut,62,Male,Iroquoian languages,0,0,0,0,0
Nunavut,62,Male,Cayuga,0,0,0,0,0
Nunavut,62,Male,Mohawk,0,0,0,0,0
Nunavut,62,Male,Oneida,0,0,0,0,0
Nunavut,62,Male,"Iroquoian languages, n.i.e.",0,0,0,0,0
Nunavut,62,Male,Kutenai,0,0,0,0,0
Nunavut,62,Male,Michif,0,0,0,0,0
Nunavut,62,Male,Salish languages,0,0,0,0,0
Nunavut,62,Male,Comox,0,0,0,0,0
Nunavut,62,Male,Halkomelem,0,0,0,0,0
Nunavut,62,Male,Lillooet,0,0,0,0,0
Nunavut,62,Male,Okanagan,0,0,0,0,0
Nunavut,62,Male,Shuswap (Secwepemctsin),0,0,0,0,0
Nunavut,62,Male,Squamish,0,0,0,0,0
Nunavut,62,Male,Straits,0,0,0,0,0
Nunavut,62,Male,Thompson (Ntlakapamux),0,0,0,0,0
Nunavut,62,Male,"Salish languages, n.i.e.",0,0,0,0,0
Nunavut,62,Male,Siouan languages,0,0,0,0,0
Nunavut,62,Male,Dakota,0,0,0,0,0
Nunavut,62,Male,Stoney,0,0,0,0,0
Nunavut,62,Male,"Siouan languages, n.i.e.",0,0,0,0,0
Nunavut,62,Male,Tlingit,0,0,0,0,0
Nunavut,62,Male,Tsimshian languages,0,0,0,0,0
Nunavut,62,Male,Gitxsan (Gitksan),0,0,0,0,0
Nunavut,62,Male,Nisga'a,0,0,0,0,0
Nunavut,62,Male,Tsimshian,0,0,0,0,0
Nunavut,62,Male,Wakashan languages,0,0,0,0,0
Nunavut,62,Male,Haisla,0,0,0,0,0
Nunavut,62,Male,Heiltsuk,0,0,0,0,0
Nunavut,62,Male,Kwakiutl (Kwak'wala),0,0,0,0,0
Nunavut,62,Male,Nuu-chah-nulth (Nootka),0,0,0,0,0
Nunavut,62,Male,"Wakashan languages, n.i.e.",0,0,0,0,0
Nunavut,62,Male,"Aboriginal languages, n.o.s.",0,0,0,0,0
Nunavut,62,Male,Non-Aboriginal languages,380,315,0,60,5
Nunavut,62,Male,Afro-Asiatic languages,55,45,0,15,0
Nunavut,62,Male,Berber languages,0,0,0,0,0
Nunavut,62,Male,Kabyle,0,0,0,0,0
Nunavut,62,Male,"Berber languages, n.i.e.",0,0,0,0,0
Nunavut,62,Male,Cushitic languages,10,10,0,0,0
Nunavut,62,Male,Bilen,0,0,0,0,0
Nunavut,62,Male,Oromo,0,0,0,0,0
Nunavut,62,Male,Somali,5,5,0,0,0
Nunavut,62,Male,"Cushitic languages, n.i.e.",0,0,0,0,0
Nunavut,62,Male,Semitic languages,45,35,0,15,0
Nunavut,62,Male,Amharic,10,10,0,0,0
Nunavut,62,Male,Arabic,30,20,0,10,0
Nunavut,62,Male,Assyrian Neo-Aramaic,0,0,0,0,0
Nunavut,62,Male,Chaldean Neo-Aramaic,0,0,0,0,0
Nunavut,62,Male,Harari,0,0,0,0,0
Nunavut,62,Male,Hebrew,0,0,0,0,0
Nunavut,62,Male,Maltese,0,0,0,0,0
Nunavut,62,Male,Tigrigna,5,0,0,0,0
Nunavut,62,Male,"Semitic languages, n.i.e.",0,0,0,0,0
Nunavut,62,Male,"Afro-Asiatic languages, n.i.e.",0,0,0,0,0
Nunavut,62,Male,Austro-Asiatic languages,0,0,0,0,0
Nunavut,62,Male,Khmer (Cambodian),0,0,0,0,0
Nunavut,62,Male,Vietnamese,0,0,0,0,0
Nunavut,62,Male,"Austro-Asiatic languages, n.i.e",0,0,0,0,0
Nunavut,62,Male,Austronesian languages,65,65,0,0,0
Nunavut,62,Male,Bikol,0,0,0,0,0
Nunavut,62,Male,Cebuano,5,5,0,0,0
Nunavut,62,Male,Fijian,0,0,0,0,0
Nunavut,62,Male,Hiligaynon,5,5,0,0,0
Nunavut,62,Male,Ilocano,5,10,0,0,0
Nunavut,62,Male,Malagasy,0,0,0,0,0
Nunavut,62,Male,Malay,0,0,0,0,0
Nunavut,62,Male,"Pampangan (Kapampangan, Pampango)",0,0,0,0,0
Nunavut,62,Male,Pangasinan,0,0,0,0,0
Nunavut,62,Male,"Tagalog (Pilipino, Filipino)",55,55,0,0,0
Nunavut,62,Male,Waray-Waray,0,0,0,0,0
Nunavut,62,Male,"Austronesian languages, n.i.e.",0,0,0,0,0
Nunavut,62,Male,Creole languages,5,0,0,0,0
Nunavut,62,Male,Haitian Creole,0,0,0,0,0
Nunavut,62,Male,"Creole, n.o.s.",0,0,0,0,0
Nunavut,62,Male,"Creole languages, n.i.e.",0,0,0,0,0
Nunavut,62,Male,Dravidian languages,15,15,0,0,0
Nunavut,62,Male,Kannada,0,0,0,0,0
Nunavut,62,Male,Malayalam,0,0,0,0,0
Nunavut,62,Male,Tamil,10,10,0,0,0
Nunavut,62,Male,Telugu,0,0,0,0,0
Nunavut,62,Male,"Dravidian languages, n.i.e.",0,0,0,0,0
Nunavut,62,Male,Hmong-Mien languages,0,0,0,0,0
Nunavut,62,Male,Indo-European languages,145,115,0,30,0
Nunavut,62,Male,Albanian,0,0,0,0,0
Nunavut,62,Male,Armenian,5,0,0,0,0
Nunavut,62,Male,Balto-Slavic languages,30,20,0,5,0
Nunavut,62,Male,Baltic languages,0,0,0,0,0
Nunavut,62,Male,Latvian,0,0,0,0,0
Nunavut,62,Male,Lithuanian,0,0,0,0,0
Nunavut,62,Male,Slavic languages,30,20,0,5,0
Nunavut,62,Male,Belarusan,0,0,0,0,0
Nunavut,62,Male,Bosnian,0,0,0,0,0
Nunavut,62,Male,Bulgarian,0,0,0,0,0
Nunavut,62,Male,Croatian,5,5,0,0,0
Nunavut,62,Male,Czech,0,5,0,0,0
Nunavut,62,Male,Macedonian,0,0,0,0,0
Nunavut,62,Male,Polish,15,10,0,5,0
Nunavut,62,Male,Russian,0,5,0,0,0
Nunavut,62,Male,Serbian,0,0,0,0,0
Nunavut,62,Male,Serbo-Croatian,0,0,0,0,0
Nunavut,62,Male,Slovak,0,0,0,0,0
Nunavut,62,Male,Slovene (Slovenian),0,0,0,0,0
Nunavut,62,Male,Ukrainian,5,5,0,5,0
Nunavut,62,Male,"Slavic languages, n.i.e.",0,0,0,0,0
Nunavut,62,Male,Celtic languages,0,0,0,0,0
Nunavut,62,Male,Scottish Gaelic,0,0,0,0,0
Nunavut,62,Male,Welsh,0,0,0,0,0
Nunavut,62,Male,"Celtic languages, n.i.e.",0,0,0,0,0
Nunavut,62,Male,Germanic languages,40,30,0,5,0
Nunavut,62,Male,Afrikaans,5,0,0,0,0
Nunavut,62,Male,Danish,5,5,0,0,0
Nunavut,62,Male,Dutch,10,5,0,5,0
Nunavut,62,Male,Frisian,0,0,0,0,0
Nunavut,62,Male,German,25,15,0,10,0
Nunavut,62,Male,Icelandic,0,0,0,0,0
Nunavut,62,Male,Norwegian,0,5,0,0,0
Nunavut,62,Male,Swedish,5,0,0,5,0
Nunavut,62,Male,Vlaams (Flemish),0,0,0,0,0
Nunavut,62,Male,Yiddish,0,0,0,0,0
Nunavut,62,Male,"Germanic languages, n.i.e.",0,0,0,0,0
Nunavut,62,Male,Greek,0,0,0,5,0
Nunavut,62,Male,Indo-Iranian languages,45,40,0,5,0
Nunavut,62,Male,Indo-Aryan languages,40,35,0,5,0
Nunavut,62,Male,Bengali,15,15,0,0,0
Nunavut,62,Male,Gujarati,5,5,0,0,0
Nunavut,62,Male,Hindi,5,5,0,0,0
Nunavut,62,Male,Kashmiri,0,0,0,0,0
Nunavut,62,Male,Konkani,0,0,0,0,0
Nunavut,62,Male,Marathi,0,0,0,0,0
Nunavut,62,Male,Nepali,0,0,0,0,0
Nunavut,62,Male,Oriya (Odia),0,0,0,0,0
Nunavut,62,Male,Punjabi (Panjabi),0,5,0,0,0
Nunavut,62,Male,Sindhi,0,0,0,0,0
Nunavut,62,Male,Sinhala (Sinhalese),0,0,0,0,0
Nunavut,62,Male,Urdu,15,15,0,0,0
Nunavut,62,Male,Iranian languages,5,5,0,5,0
Nunavut,62,Male,Kurdish,5,0,0,0,0
Nunavut,62,Male,Pashto,0,0,0,0,0
Nunavut,62,Male,Persian (Farsi),5,0,0,0,0
Nunavut,62,Male,"Indo-Iranian languages, n.i.e.",0,0,0,0,0
Nunavut,62,Male,Italic (Romance) languages,30,20,0,10,0
Nunavut,62,Male,Catalan,0,0,0,0,0
Nunavut,62,Male,Italian,5,0,0,5,0
Nunavut,62,Male,Portuguese,5,5,0,0,0
Nunavut,62,Male,Romanian,5,0,0,0,0
Nunavut,62,Male,Spanish,20,15,0,0,0
Nunavut,62,Male,"Italic (Romance) languages, n.i.e.",0,0,0,0,0
Nunavut,62,Male,Japanese,5,0,0,0,0
Nunavut,62,Male,Kartvelian languages,0,0,0,0,0
Nunavut,62,Male,Georgian,0,0,0,0,0
Nunavut,62,Male,Korean,5,5,0,0,0
Nunavut,62,Male,Mongolic languages,0,0,0,0,0
Nunavut,62,Male,Mongolian,0,0,0,0,0
Nunavut,62,Male,Niger-Congo languages,45,40,0,5,0
Nunavut,62,Male,Akan (Twi),5,0,0,0,0
Nunavut,62,Male,Bamanankan,0,0,0,0,0
Nunavut,62,Male,Edo,0,0,0,0,0
Nunavut,62,Male,Ewe,0,0,0,0,0
Nunavut,62,Male,"Fulah (Pular, Pulaar, Fulfulde)",0,0,0,0,0
Nunavut,62,Male,Ga,0,0,0,0,0
Nunavut,62,Male,Ganda,0,0,0,0,0
Nunavut,62,Male,Igbo,5,5,0,0,0
Nunavut,62,Male,Lingala,0,0,0,0,0
Nunavut,62,Male,Rundi (Kirundi),0,0,0,0,0
Nunavut,62,Male,Kinyarwanda (Rwanda),0,0,0,0,0
Nunavut,62,Male,Shona,10,10,0,0,0
Nunavut,62,Male,Swahili,0,0,0,0,0
Nunavut,62,Male,Wolof,5,0,0,0,0
Nunavut,62,Male,Yoruba,5,5,0,0,0
Nunavut,62,Male,"Niger-Congo languages, n.i.e.",15,15,0,5,0
Nunavut,62,Male,Nilo-Saharan languages,0,0,0,0,0
Nunavut,62,Male,Dinka,0,0,0,0,0
Nunavut,62,Male,"Nilo-Saharan languages, n.i.e.",0,0,0,0,0
Nunavut,62,Male,Sign languages,10,5,0,0,0
Nunavut,62,Male,American Sign Language,5,0,0,0,0
Nunavut,62,Male,Quebec Sign Language,0,0,0,0,0
Nunavut,62,Male,"Sign languages, n.i.e",10,5,0,0,5
Nunavut,62,Male,Sino-Tibetan languages,20,20,0,0,0
Nunavut,62,Male,Chinese languages,20,20,0,5,0
Nunavut,62,Male,Cantonese,10,5,0,0,0
Nunavut,62,Male,Hakka,0,0,0,0,0
Nunavut,62,Male,Mandarin,5,0,0,5,0
Nunavut,62,Male,Min Dong,0,0,0,0,0
Nunavut,62,Male,"Min Nan (Chaochow, Teochow, Fukien, Taiwanese)",0,0,0,0,0
Nunavut,62,Male,Wu (Shanghainese),0,0,0,0,0
Nunavut,62,Male,"Chinese, n.o.s.",10,10,0,0,0
Nunavut,62,Male,"Chinese languages, n.i.e.",0,0,0,0,0
Nunavut,62,Male,Tibeto-Burman languages,0,0,0,0,0
Nunavut,62,Male,Burmese,0,0,0,0,0
Nunavut,62,Male,Karenic languages,0,0,0,0,0
Nunavut,62,Male,Tibetan,0,0,0,0,0
Nunavut,62,Male,"Tibeto-Burman languages, n.i.e.",0,0,0,0,0
Nunavut,62,Male,Tai-Kadai languages,0,0,0,0,0
Nunavut,62,Male,Lao,0,0,0,0,0
Nunavut,62,Male,Thai,0,0,0,0,0
Nunavut,62,Male,"Tai-Kadai languages, n.i.e",0,0,0,0,0
Nunavut,62,Male,Turkic languages,0,0,0,0,0
Nunavut,62,Male,Azerbaijani,0,0,0,0,0
Nunavut,62,Male,Turkish,0,5,0,0,0
Nunavut,62,Male,Uyghur,0,0,0,0,0
Nunavut,62,Male,Uzbek,0,0,0,0,0
Nunavut,62,Male,"Turkic languages, n.i.e.",0,0,0,0,0
Nunavut,62,Male,Uralic languages,10,10,0,5,0
Nunavut,62,Male,Estonian,0,0,0,0,0
Nunavut,62,Male,Finnish,5,5,0,0,0
Nunavut,62,Male,Hungarian,5,5,0,0,0
Nunavut,62,Male,"Uralic languages, n.i.e.",0,0,0,0,0
Nunavut,62,Male,"Other languages, n.i.e.",0,0,0,0,0
Nunavut,62,Male,Multiple responses,375,350,0,15,5
Nunavut,62,Male,English and French,5,0,0,10,0
Nunavut,62,Male,English and non-official language,355,350,0,5,0
Nunavut,62,Male,French and non-official language,0,0,0,0,0
Nunavut,62,Male,"English, French and non-official language",5,5,0,5,0
Nunavut,62,Female,Total - Mother tongue,17495,15715,20,730,1025
Nunavut,62,Female,Single responses,17130,15380,20,705,1020
Nunavut,62,Female,Official languages,5525,4905,20,595,5
Nunavut,62,Female,English,5285,4890,0,385,10
Nunavut,62,Female,French,240,15,15,215,0
Nunavut,62,Female,Non-official languages,11605,10475,5,110,1015
Nunavut,62,Female,Aboriginal languages,11250,10180,0,60,1005
Nunavut,62,Female,Algonquian languages,10,5,0,0,0
Nunavut,62,Female,Blackfoot,0,0,0,0,0
Nunavut,62,Female,Cree-Montagnais languages,0,0,0,0,0
Nunavut,62,Female,Atikamekw,0,0,0,0,0
Nunavut,62,Female,Montagnais (Innu),0,0,0,0,0
Nunavut,62,Female,Moose Cree,0,0,0,0,0
Nunavut,62,Female,Naskapi,0,0,0,0,0
Nunavut,62,Female,Northern East Cree,0,0,0,0,0
Nunavut,62,Female,Plains Cree,0,0,0,0,0
Nunavut,62,Female,Southern East Cree,0,0,0,0,0
Nunavut,62,Female,Swampy Cree,0,0,0,0,0
Nunavut,62,Female,Woods Cree,0,0,0,0,0
Nunavut,62,Female,"Cree, n.o.s.",5,0,0,0,0
Nunavut,62,Female,Eastern Algonquian languages,0,0,0,0,0
Nunavut,62,Female,Malecite,0,0,0,0,0
Nunavut,62,Female,Mi'kmaq,0,0,0,0,0
Nunavut,62,Female,Ojibway-Potawatomi languages,5,5,0,0,0
Nunavut,62,Female,Algonquin,0,0,0,0,0
Nunavut,62,Female,Ojibway,5,0,0,0,0
Nunavut,62,Female,Oji-Cree,0,0,0,0,0
Nunavut,62,Female,Ottawa (Odawa),0,0,0,0,0
Nunavut,62,Female,"Algonquian languages, n.i.e.",0,0,0,0,0
Nunavut,62,Female,Athabaskan languages,0,0,0,0,0
Nunavut,62,Female,Northern Athabaskan languages,5,0,0,0,0
Nunavut,62,Female,Babine (Wetsuwet'en),0,0,0,0,0
Nunavut,62,Female,Beaver,0,0,0,0,0
Nunavut,62,Female,Carrier,0,0,0,0,0
Nunavut,62,Female,Chilcotin,0,0,0,0,0
Nunavut,62,Female,Dene,0,0,0,0,0
Nunavut,62,Female,Dogrib (Tlicho),5,0,0,0,0
Nunavut,62,Female,Gwich'in,0,0,0,0,0
Nunavut,62,Female,Sarsi (Sarcee),0,0,0,0,0
Nunavut,62,Female,Sekani,0,0,0,0,0
Nunavut,62,Female,Slavey-Hare languages,0,0,0,0,0
Nunavut,62,Female,North Slavey (Hare),0,0,0,0,0
Nunavut,62,Female,South Slavey,0,0,0,0,0
Nunavut,62,Female,"Slavey, n.o.s.",0,0,0,0,0
Nunavut,62,Female,Tahltan languages,0,0,0,0,0
Nunavut,62,Female,Kaska (Nahani),0,0,0,0,0
Nunavut,62,Female,Tahltan,0,0,0,0,0
Nunavut,62,Female,Tutchone languages,0,0,0,0,0
Nunavut,62,Female,Northern Tutchone,0,0,0,0,0
Nunavut,62,Female,Southern Tutchone,0,0,0,0,0
Nunavut,62,Female,"Athabaskan languages, n.i.e.",0,0,0,0,0
Nunavut,62,Female,Haida,0,0,0,0,0
Nunavut,62,Female,Inuit languages,11240,10175,0,60,1005
Nunavut,62,Female,Inuinnaqtun (Inuvialuktun),280,270,0,0,10
Nunavut,62,Female,Inuktitut,10945,9890,0,60,995
Nunavut,62,Female,"Inuit languages, n.i.e.",20,20,0,0,0
Nunavut,62,Female,Iroquoian languages,0,0,0,0,0
Nunavut,62,Female,Cayuga,0,0,0,0,0
Nunavut,62,Female,Mohawk,0,0,0,0,0
Nunavut,62,Female,Oneida,0,0,0,0,0
Nunavut,62,Female,"Iroquoian languages, n.i.e.",0,0,0,0,0
Nunavut,62,Female,Kutenai,0,0,0,0,0
Nunavut,62,Female,Michif,0,0,0,0,0
Nunavut,62,Female,Salish languages,0,0,0,0,0
Nunavut,62,Female,Comox,0,0,0,0,0
Nunavut,62,Female,Halkomelem,0,0,0,0,0
Nunavut,62,Female,Lillooet,0,0,0,0,0
Nunavut,62,Female,Okanagan,0,0,0,0,0
Nunavut,62,Female,Shuswap (Secwepemctsin),0,0,0,0,0
Nunavut,62,Female,Squamish,0,0,0,0,0
Nunavut,62,Female,Straits,0,0,0,0,0
Nunavut,62,Female,Thompson (Ntlakapamux),0,0,0,0,0
Nunavut,62,Female,"Salish languages, n.i.e.",0,0,0,0,0
Nunavut,62,Female,Siouan languages,0,0,0,0,0
Nunavut,62,Female,Dakota,0,0,0,0,0
Nunavut,62,Female,Stoney,0,0,0,0,0
Nunavut,62,Female,"Siouan languages, n.i.e.",0,0,0,0,0
Nunavut,62,Female,Tlingit,0,0,0,0,0
Nunavut,62,Female,Tsimshian languages,0,0,0,0,0
Nunavut,62,Female,Gitxsan (Gitksan),0,0,0,0,0
Nunavut,62,Female,Nisga'a,0,0,0,0,0
Nunavut,62,Female,Tsimshian,0,0,0,0,0
Nunavut,62,Female,Wakashan languages,0,0,0,0,0
Nunavut,62,Female,Haisla,0,0,0,0,0
Nunavut,62,Female,Heiltsuk,0,0,0,0,0
Nunavut,62,Female,Kwakiutl (Kwak'wala),0,0,0,0,0
Nunavut,62,Female,Nuu-chah-nulth (Nootka),0,0,0,0,0
Nunavut,62,Female,"Wakashan languages, n.i.e.",0,0,0,0,0
Nunavut,62,Female,"Aboriginal languages, n.o.s.",0,0,0,0,0
Nunavut,62,Female,Non-Aboriginal languages,350,300,0,45,10
Nunavut,62,Female,Afro-Asiatic languages,20,15,0,0,0
Nunavut,62,Female,Berber languages,0,0,0,0,0
Nunavut,62,Female,Kabyle,0,0,0,0,0
Nunavut,62,Female,"Berber languages, n.i.e.",0,0,0,0,0
Nunavut,62,Female,Cushitic languages,0,0,0,0,0
Nunavut,62,Female,Bilen,0,0,0,0,0
Nunavut,62,Female,Oromo,0,0,0,0,0
Nunavut,62,Female,Somali,5,5,0,0,0
Nunavut,62,Female,"Cushitic languages, n.i.e.",0,0,0,0,0
Nunavut,62,Female,Semitic languages,15,15,0,0,0
Nunavut,62,Female,Amharic,10,5,0,0,0
Nunavut,62,Female,Arabic,5,5,0,0,0
Nunavut,62,Female,Assyrian Neo-Aramaic,0,0,0,0,0
Nunavut,62,Female,Chaldean Neo-Aramaic,0,0,0,0,0
Nunavut,62,Female,Harari,0,0,0,0,0
Nunavut,62,Female,Hebrew,0,0,0,0,0
Nunavut,62,Female,Maltese,5,0,0,0,0
Nunavut,62,Female,Tigrigna,0,0,0,0,0
Nunavut,62,Female,"Semitic languages, n.i.e.",0,0,0,0,0
Nunavut,62,Female,"Afro-Asiatic languages, n.i.e.",0,0,0,0,0
Nunavut,62,Female,Austro-Asiatic languages,0,0,0,0,0
Nunavut,62,Female,Khmer (Cambodian),0,0,0,0,0
Nunavut,62,Female,Vietnamese,0,0,0,0,0
Nunavut,62,Female,"Austro-Asiatic languages, n.i.e",0,0,0,0,0
Nunavut,62,Female,Austronesian languages,110,105,0,5,0
Nunavut,62,Female,Bikol,0,5,0,0,0
Nunavut,62,Female,Cebuano,0,0,0,0,0
Nunavut,62,Female,Fijian,0,0,0,0,0
Nunavut,62,Female,Hiligaynon,5,5,0,0,0
Nunavut,62,Female,Ilocano,15,10,0,0,0
Nunavut,62,Female,Malagasy,0,0,0,0,0
Nunavut,62,Female,Malay,0,5,0,0,0
Nunavut,62,Female,"Pampangan (Kapampangan, Pampango)",5,5,0,0,0
Nunavut,62,Female,Pangasinan,0,0,0,0,0
Nunavut,62,Female,"Tagalog (Pilipino, Filipino)",85,80,0,5,0
Nunavut,62,Female,Waray-Waray,0,0,0,0,0
Nunavut,62,Female,"Austronesian languages, n.i.e.",0,0,0,0,0
Nunavut,62,Female,Creole languages,0,5,0,0,0
Nunavut,62,Female,Haitian Creole,0,0,0,0,0
Nunavut,62,Female,"Creole, n.o.s.",0,0,0,0,0
Nunavut,62,Female,"Creole languages, n.i.e.",0,5,0,0,0
Nunavut,62,Female,Dravidian languages,5,5,0,0,0
Nunavut,62,Female,Kannada,0,0,0,0,0
Nunavut,62,Female,Malayalam,0,0,0,0,0
Nunavut,62,Female,Tamil,5,5,0,0,0
Nunavut,62,Female,Telugu,0,0,0,0,0
Nunavut,62,Female,"Dravidian languages, n.i.e.",0,0,0,0,0
Nunavut,62,Female,Hmong-Mien languages,0,0,0,0,0
Nunavut,62,Female,Indo-European languages,120,95,0,25,5
Nunavut,62,Female,Albanian,0,0,0,0,0
Nunavut,62,Female,Armenian,0,0,0,0,0
Nunavut,62,Female,Balto-Slavic languages,15,15,0,5,0
Nunavut,62,Female,Baltic languages,0,0,0,0,0
Nunavut,62,Female,Latvian,0,0,0,0,0
Nunavut,62,Female,Lithuanian,0,0,0,0,0
Nunavut,62,Female,Slavic languages,15,10,0,0,0
Nunavut,62,Female,Belarusan,0,0,0,0,0
Nunavut,62,Female,Bosnian,0,0,0,0,0
Nunavut,62,Female,Bulgarian,0,0,0,0,0
Nunavut,62,Female,Croatian,0,0,0,0,0
Nunavut,62,Female,Czech,0,0,0,0,0
Nunavut,62,Female,Macedonian,0,0,0,0,0
Nunavut,62,Female,Polish,5,0,0,0,0
Nunavut,62,Female,Russian,5,5,0,0,0
Nunavut,62,Female,Serbian,0,0,0,0,0
Nunavut,62,Female,Serbo-Croatian,0,0,0,0,0
Nunavut,62,Female,Slovak,5,0,0,0,0
Nunavut,62,Female,Slovene (Slovenian),5,0,0,0,0
Nunavut,62,Female,Ukrainian,5,0,0,0,0
Nunavut,62,Female,"Slavic languages, n.i.e.",0,0,0,0,0
Nunavut,62,Female,Celtic languages,0,0,0,0,0
Nunavut,62,Female,Scottish Gaelic,0,0,0,0,0
Nunavut,62,Female,Welsh,0,0,0,0,0
Nunavut,62,Female,"Celtic languages, n.i.e.",0,0,0,0,0
Nunavut,62,Female,Germanic languages,30,25,0,10,0
Nunavut,62,Female,Afrikaans,0,0,0,0,0
Nunavut,62,Female,Danish,0,0,0,0,0
Nunavut,62,Female,Dutch,5,5,0,5,0
Nunavut,62,Female,Frisian,0,0,0,0,0
Nunavut,62,Female,German,20,10,0,5,0
Nunavut,62,Female,Icelandic,0,0,0,0,0
Nunavut,62,Female,Norwegian,5,0,0,0,0
Nunavut,62,Female,Swedish,0,0,0,0,0
Nunavut,62,Female,Vlaams (Flemish),0,0,0,0,0
Nunavut,62,Female,Yiddish,0,0,0,0,0
Nunavut,62,Female,"Germanic languages, n.i.e.",0,0,0,0,0
Nunavut,62,Female,Greek,0,0,0,0,0
Nunavut,62,Female,Indo-Iranian languages,45,40,0,5,0
Nunavut,62,Female,Indo-Aryan languages,40,35,0,5,0
Nunavut,62,Female,Bengali,15,15,0,5,0
Nunavut,62,Female,Gujarati,0,5,0,0,0
Nunavut,62,Female,Hindi,5,0,0,5,0
Nunavut,62,Female,Kashmiri,0,0,0,0,0
Nunavut,62,Female,Konkani,0,0,0,0,0
Nunavut,62,Female,Marathi,0,0,0,0,0
Nunavut,62,Female,Nepali,0,0,0,0,0
Nunavut,62,Female,Oriya (Odia),0,0,0,0,0
Nunavut,62,Female,Punjabi (Panjabi),5,0,0,0,0
Nunavut,62,Female,Sindhi,0,0,0,0,0
Nunavut,62,Female,Sinhala (Sinhalese),0,0,0,0,0
Nunavut,62,Female,Urdu,10,15,0,0,0
Nunavut,62,Female,Iranian languages,5,5,0,0,0
Nunavut,62,Female,Kurdish,0,0,0,0,0
Nunavut,62,Female,Pashto,0,0,0,0,0
Nunavut,62,Female,Persian (Farsi),0,0,0,0,0
Nunavut,62,Female,"Indo-Iranian languages, n.i.e.",0,0,0,0,0
Nunavut,62,Female,Italic (Romance) languages,30,25,0,10,5
Nunavut,62,Female,Catalan,0,0,0,0,0
Nunavut,62,Female,Italian,0,5,0,5,0
Nunavut,62,Female,Portuguese,0,0,0,0,0
Nunavut,62,Female,Romanian,5,0,0,5,0
Nunavut,62,Female,Spanish,25,15,0,5,0
Nunavut,62,Female,"Italic (Romance) languages, n.i.e.",0,0,0,0,0
Nunavut,62,Female,Japanese,5,0,0,0,0
Nunavut,62,Female,Kartvelian languages,0,0,0,0,0
Nunavut,62,Female,Georgian,0,0,0,0,0
Nunavut,62,Female,Korean,0,5,0,0,0
Nunavut,62,Female,Mongolic languages,0,0,0,0,0
Nunavut,62,Female,Mongolian,0,0,0,0,0
Nunavut,62,Female,Niger-Congo languages,30,25,0,5,0
Nunavut,62,Female,Akan (Twi),0,0,0,0,0
Nunavut,62,Female,Bamanankan,0,0,0,0,0
Nunavut,62,Female,Edo,0,0,0,0,0
Nunavut,62,Female,Ewe,0,0,0,0,0
Nunavut,62,Female,"Fulah (Pular, Pulaar, Fulfulde)",0,0,0,0,0
Nunavut,62,Female,Ga,0,0,0,0,0
Nunavut,62,Female,Ganda,0,0,0,0,0
Nunavut,62,Female,Igbo,0,0,0,0,0
Nunavut,62,Female,Lingala,0,0,0,0,0
Nunavut,62,Female,Rundi (Kirundi),0,0,0,0,0
Nunavut,62,Female,Kinyarwanda (Rwanda),0,0,0,5,0
Nunavut,62,Female,Shona,5,5,0,0,0
Nunavut,62,Female,Swahili,0,5,0,0,0
Nunavut,62,Female,Wolof,0,0,0,0,0
Nunavut,62,Female,Yoruba,5,5,0,5,0
Nunavut,62,Female,"Niger-Congo languages, n.i.e.",10,10,0,0,0
Nunavut,62,Female,Nilo-Saharan languages,0,0,0,0,0
Nunavut,62,Female,Dinka,0,0,0,0,0
Nunavut,62,Female,"Nilo-Saharan languages, n.i.e.",0,0,0,0,0
Nunavut,62,Female,Sign languages,10,5,0,0,5
Nunavut,62,Female,American Sign Language,5,0,0,0,5
Nunavut,62,Female,Quebec Sign Language,0,0,0,0,0
Nunavut,62,Female,"Sign languages, n.i.e",5,0,0,0,5
Nunavut,62,Female,Sino-Tibetan languages,30,20,0,10,5
Nunavut,62,Female,Chinese languages,25,20,0,5,5
Nunavut,62,Female,Cantonese,10,5,0,5,0
Nunavut,62,Female,Hakka,0,0,0,0,0
Nunavut,62,Female,Mandarin,10,5,0,0,0
Nunavut,62,Female,Min Dong,0,0,0,0,0
Nunavut,62,Female,"Min Nan (Chaochow, Teochow, Fukien, Taiwanese)",0,0,0,0,0
Nunavut,62,Female,Wu (Shanghainese),0,0,0,0,0
Nunavut,62,Female,"Chinese, n.o.s.",10,5,0,5,0
Nunavut,62,Female,"Chinese languages, n.i.e.",0,0,0,0,0
Nunavut,62,Female,Tibeto-Burman languages,5,0,0,0,0
Nunavut,62,Female,Burmese,0,0,0,0,0
Nunavut,62,Female,Karenic languages,0,0,0,0,0
Nunavut,62,Female,Tibetan,0,0,0,0,0
Nunavut,62,Female,"Tibeto-Burman languages, n.i.e.",0,0,0,0,0
Nunavut,62,Female,Tai-Kadai languages,0,5,0,0,0
Nunavut,62,Female,Lao,0,0,0,0,0
Nunavut,62,Female,Thai,5,0,0,0,0
Nunavut,62,Female,"Tai-Kadai languages, n.i.e",0,0,0,0,0
Nunavut,62,Female,Turkic languages,5,0,0,0,0
Nunavut,62,Female,Azerbaijani,0,0,0,0,0
Nunavut,62,Female,Turkish,0,5,0,0,0
Nunavut,62,Female,Uyghur,0,0,0,0,0
Nunavut,62,Female,Uzbek,0,0,0,0,0
Nunavut,62,Female,"Turkic languages, n.i.e.",0,5,0,0,0
Nunavut,62,Female,Uralic languages,5,0,0,5,0
Nunavut,62,Female,Estonian,0,0,0,0,0
Nunavut,62,Female,Finnish,5,0,0,5,0
Nunavut,62,Female,Hungarian,0,5,0,0,0
Nunavut,62,Female,"Uralic languages, n.i.e.",0,0,0,0,0
Nunavut,62,Female,"Other languages, n.i.e.",5,5,0,0,0
Nunavut,62,Female,Multiple responses,360,335,0,25,0
Nunavut,62,Female,English and French,15,0,0,15,0
Nunavut,62,Female,English and non-official language,335,330,0,5,0
Nunavut,62,Female,French and non-official language,5,5,0,5,0
Nunavut,62,Female,"English, French and non-official language",5,0,0,0,0
