GEO_NAME,GEO_CODE (POR),DIM: Sex (3),DIM: Mother tongue (269),Dim: Knowledge of official languages (5): Member ID: [1]: Total - Knowledge of official languages,Dim: Knowledge of official languages (5): Member ID: [2]: English only,Dim: Knowledge of official languages (5): Member ID: [3]: French only,Dim: Knowledge of official languages (5): Member ID: [4]: English and French,Dim: Knowledge of official languages (5): Member ID: [5]: Neither English nor French
Newfoundland and Labrador,10,Total - Sex,Total - Mother tongue,515680,488800,115,25945,815
Newfoundland and Labrador,10,Total - Sex,Single responses,513980,487710,115,25355,805
Newfoundland and Labrador,10,Total - Sex,Official languages,502060,477245,95,24640,80
Newfoundland and Labrador,10,Total - Sex,English,499705,477010,10,22605,75
Newfoundland and Labrador,10,Total - Sex,French,2350,230,90,2030,0
Newfoundland and Labrador,10,Total - Sex,Non-official languages,11920,10460,15,715,730
Newfoundland and Labrador,10,Total - Sex,Aboriginal languages,2620,2450,5,40,125
Newfoundland and Labrador,10,Total - Sex,Algonquian languages,2125,1970,5,35,120
Newfoundland and Labrador,10,Total - Sex,Blackfoot,0,0,0,0,0
Newfoundland and Labrador,10,Total - Sex,Cree-Montagnais languages,2120,1960,5,35,120
Newfoundland and Labrador,10,Total - Sex,Atikamekw,0,0,0,0,0
Newfoundland and Labrador,10,Total - Sex,Montagnais (Innu),1510,1410,5,30,65
Newfoundland and Labrador,10,Total - Sex,Moose Cree,0,0,0,0,0
Newfoundland and Labrador,10,Total - Sex,Naskapi,600,545,0,0,60
Newfoundland and Labrador,10,Total - Sex,Northern East Cree,0,0,0,0,0
Newfoundland and Labrador,10,Total - Sex,Plains Cree,0,0,0,0,0
Newfoundland and Labrador,10,Total - Sex,Southern East Cree,0,0,0,0,0
Newfoundland and Labrador,10,Total - Sex,Swampy Cree,0,0,0,0,0
Newfoundland and Labrador,10,Total - Sex,Woods Cree,0,0,0,0,0
Newfoundland and Labrador,10,Total - Sex,"Cree, n.o.s.",10,10,0,0,0
Newfoundland and Labrador,10,Total - Sex,Eastern Algonquian languages,5,5,0,0,0
Newfoundland and Labrador,10,Total - Sex,Malecite,0,0,0,0,0
Newfoundland and Labrador,10,Total - Sex,Mi'kmaq,5,5,0,0,0
Newfoundland and Labrador,10,Total - Sex,Ojibway-Potawatomi languages,0,5,0,0,0
Newfoundland and Labrador,10,Total - Sex,Algonquin,0,0,0,0,0
Newfoundland and Labrador,10,Total - Sex,Ojibway,5,5,0,0,0
Newfoundland and Labrador,10,Total - Sex,Oji-Cree,0,0,0,0,0
Newfoundland and Labrador,10,Total - Sex,Ottawa (Odawa),0,0,0,0,0
Newfoundland and Labrador,10,Total - Sex,"Algonquian languages, n.i.e.",0,0,0,0,0
Newfoundland and Labrador,10,Total - Sex,Athabaskan languages,0,0,0,0,0
Newfoundland and Labrador,10,Total - Sex,Northern Athabaskan languages,0,0,0,0,0
Newfoundland and Labrador,10,Total - Sex,Babine (Wetsuwet'en),0,0,0,0,0
Newfoundland and Labrador,10,Total - Sex,Beaver,0,0,0,0,0
Newfoundland and Labrador,10,Total - Sex,Carrier,0,0,0,0,0
Newfoundland and Labrador,10,Total - Sex,Chilcotin,0,0,0,0,0
Newfoundland and Labrador,10,Total - Sex,Dene,0,0,0,0,0
Newfoundland and Labrador,10,Total - Sex,Dogrib (Tlicho),0,0,0,0,0
Newfoundland and Labrador,10,Total - Sex,Gwich'in,0,0,0,0,0
Newfoundland and Labrador,10,Total - Sex,Sarsi (Sarcee),0,0,0,0,0
Newfoundland and Labrador,10,Total - Sex,Sekani,0,0,0,0,0
Newfoundland and Labrador,10,Total - Sex,Slavey-Hare languages,0,0,0,0,0
Newfoundland and Labrador,10,Total - Sex,North Slavey (Hare),0,0,0,0,0
Newfoundland and Labrador,10,Total - Sex,South Slavey,0,0,0,0,0
Newfoundland and Labrador,10,Total - Sex,"Slavey, n.o.s.",0,0,0,0,0
Newfoundland and Labrador,10,Total - Sex,Tahltan languages,0,0,0,0,0
Newfoundland and Labrador,10,Total - Sex,Kaska (Nahani),0,0,0,0,0
Newfoundland and Labrador,10,Total - Sex,Tahltan,0,0,0,0,0
Newfoundland and Labrador,10,Total - Sex,Tutchone languages,0,0,0,0,0
Newfoundland and Labrador,10,Total - Sex,Northern Tutchone,0,0,0,0,0
Newfoundland and Labrador,10,Total - Sex,Southern Tutchone,0,0,0,0,0
Newfoundland and Labrador,10,Total - Sex,"Athabaskan languages, n.i.e.",0,0,0,0,0
Newfoundland and Labrador,10,Total - Sex,Haida,0,0,0,0,0
Newfoundland and Labrador,10,Total - Sex,Inuit languages,485,475,0,0,10
Newfoundland and Labrador,10,Total - Sex,Inuinnaqtun (Inuvialuktun),0,0,0,0,0
Newfoundland and Labrador,10,Total - Sex,Inuktitut,435,425,0,0,10
Newfoundland and Labrador,10,Total - Sex,"Inuit languages, n.i.e.",50,50,0,0,0
Newfoundland and Labrador,10,Total - Sex,Iroquoian languages,0,0,0,5,0
Newfoundland and Labrador,10,Total - Sex,Cayuga,0,0,0,0,0
Newfoundland and Labrador,10,Total - Sex,Mohawk,0,0,0,0,0
Newfoundland and Labrador,10,Total - Sex,Oneida,0,0,0,0,0
Newfoundland and Labrador,10,Total - Sex,"Iroquoian languages, n.i.e.",0,0,0,0,0
Newfoundland and Labrador,10,Total - Sex,Kutenai,0,0,0,0,0
Newfoundland and Labrador,10,Total - Sex,Michif,0,0,0,0,0
Newfoundland and Labrador,10,Total - Sex,Salish languages,0,0,0,0,0
Newfoundland and Labrador,10,Total - Sex,Comox,0,0,0,0,0
Newfoundland and Labrador,10,Total - Sex,Halkomelem,0,0,0,0,0
Newfoundland and Labrador,10,Total - Sex,Lillooet,0,0,0,0,0
Newfoundland and Labrador,10,Total - Sex,Okanagan,0,0,0,0,0
Newfoundland and Labrador,10,Total - Sex,Shuswap (Secwepemctsin),0,0,0,0,0
Newfoundland and Labrador,10,Total - Sex,Squamish,0,0,0,0,0
Newfoundland and Labrador,10,Total - Sex,Straits,0,0,0,0,0
Newfoundland and Labrador,10,Total - Sex,Thompson (Ntlakapamux),0,0,0,0,0
Newfoundland and Labrador,10,Total - Sex,"Salish languages, n.i.e.",0,0,0,0,0
Newfoundland and Labrador,10,Total - Sex,Siouan languages,0,0,0,0,0
Newfoundland and Labrador,10,Total - Sex,Dakota,0,0,0,0,0
Newfoundland and Labrador,10,Total - Sex,Stoney,0,0,0,0,0
Newfoundland and Labrador,10,Total - Sex,"Siouan languages, n.i.e.",0,0,0,0,0
Newfoundland and Labrador,10,Total - Sex,Tlingit,0,0,0,0,0
Newfoundland and Labrador,10,Total - Sex,Tsimshian languages,0,0,0,0,0
Newfoundland and Labrador,10,Total - Sex,Gitxsan (Gitksan),0,0,0,0,0
Newfoundland and Labrador,10,Total - Sex,Nisga'a,0,0,0,0,0
Newfoundland and Labrador,10,Total - Sex,Tsimshian,0,0,0,0,0
Newfoundland and Labrador,10,Total - Sex,Wakashan languages,0,0,0,0,0
Newfoundland and Labrador,10,Total - Sex,Haisla,0,0,0,0,0
Newfoundland and Labrador,10,Total - Sex,Heiltsuk,0,0,0,0,0
Newfoundland and Labrador,10,Total - Sex,Kwakiutl (Kwak'wala),0,0,0,0,0
Newfoundland and Labrador,10,Total - Sex,Nuu-chah-nulth (Nootka),0,0,0,0,0
Newfoundland and Labrador,10,Total - Sex,"Wakashan languages, n.i.e.",0,0,0,0,0
Newfoundland and Labrador,10,Total - Sex,"Aboriginal languages, n.o.s.",5,0,0,0,0
Newfoundland and Labrador,10,Total - Sex,Non-Aboriginal languages,9300,8020,10,675,600
Newfoundland and Labrador,10,Total - Sex,Afro-Asiatic languages,1295,940,5,90,255
Newfoundland and Labrador,10,Total - Sex,Berber languages,5,5,0,0,0
Newfoundland and Labrador,10,Total - Sex,Kabyle,0,0,0,0,0
Newfoundland and Labrador,10,Total - Sex,"Berber languages, n.i.e.",5,0,0,0,0
Newfoundland and Labrador,10,Total - Sex,Cushitic languages,45,40,0,0,5
Newfoundland and Labrador,10,Total - Sex,Bilen,10,5,0,0,0
Newfoundland and Labrador,10,Total - Sex,Oromo,30,35,0,0,0
Newfoundland and Labrador,10,Total - Sex,Somali,0,0,0,0,0
Newfoundland and Labrador,10,Total - Sex,"Cushitic languages, n.i.e.",5,0,0,0,0
Newfoundland and Labrador,10,Total - Sex,Semitic languages,1245,895,5,95,250
Newfoundland and Labrador,10,Total - Sex,Amharic,25,20,0,0,5
Newfoundland and Labrador,10,Total - Sex,Arabic,1140,800,5,90,245
Newfoundland and Labrador,10,Total - Sex,Assyrian Neo-Aramaic,0,0,0,0,0
Newfoundland and Labrador,10,Total - Sex,Chaldean Neo-Aramaic,0,0,0,0,0
Newfoundland and Labrador,10,Total - Sex,Harari,0,0,0,0,0
Newfoundland and Labrador,10,Total - Sex,Hebrew,10,10,0,0,0
Newfoundland and Labrador,10,Total - Sex,Maltese,0,5,0,0,0
Newfoundland and Labrador,10,Total - Sex,Tigrigna,65,55,0,5,5
Newfoundland and Labrador,10,Total - Sex,"Semitic languages, n.i.e.",0,0,0,0,0
Newfoundland and Labrador,10,Total - Sex,"Afro-Asiatic languages, n.i.e.",0,0,0,0,0
Newfoundland and Labrador,10,Total - Sex,Austro-Asiatic languages,55,50,0,10,0
Newfoundland and Labrador,10,Total - Sex,Khmer (Cambodian),0,0,0,0,0
Newfoundland and Labrador,10,Total - Sex,Vietnamese,55,45,0,10,0
Newfoundland and Labrador,10,Total - Sex,"Austro-Asiatic languages, n.i.e",0,0,0,0,0
Newfoundland and Labrador,10,Total - Sex,Austronesian languages,1115,1090,0,15,5
Newfoundland and Labrador,10,Total - Sex,Bikol,5,0,0,0,0
Newfoundland and Labrador,10,Total - Sex,Cebuano,55,55,0,0,0
Newfoundland and Labrador,10,Total - Sex,Fijian,0,0,0,0,0
Newfoundland and Labrador,10,Total - Sex,Hiligaynon,5,10,0,0,0
Newfoundland and Labrador,10,Total - Sex,Ilocano,25,25,0,0,0
Newfoundland and Labrador,10,Total - Sex,Malagasy,5,5,0,0,0
Newfoundland and Labrador,10,Total - Sex,Malay,25,25,0,0,0
Newfoundland and Labrador,10,Total - Sex,"Pampangan (Kapampangan, Pampango)",10,10,0,0,0
Newfoundland and Labrador,10,Total - Sex,Pangasinan,0,0,0,0,0
Newfoundland and Labrador,10,Total - Sex,"Tagalog (Pilipino, Filipino)",975,955,5,15,5
Newfoundland and Labrador,10,Total - Sex,Waray-Waray,5,0,0,0,0
Newfoundland and Labrador,10,Total - Sex,"Austronesian languages, n.i.e.",10,10,0,0,0
Newfoundland and Labrador,10,Total - Sex,Creole languages,35,20,0,15,0
Newfoundland and Labrador,10,Total - Sex,Haitian Creole,0,0,0,0,0
Newfoundland and Labrador,10,Total - Sex,"Creole, n.o.s.",20,5,0,15,0
Newfoundland and Labrador,10,Total - Sex,"Creole languages, n.i.e.",15,10,0,0,0
Newfoundland and Labrador,10,Total - Sex,Dravidian languages,270,265,0,5,5
Newfoundland and Labrador,10,Total - Sex,Kannada,10,15,0,0,0
Newfoundland and Labrador,10,Total - Sex,Malayalam,100,100,0,5,0
Newfoundland and Labrador,10,Total - Sex,Tamil,110,110,0,5,0
Newfoundland and Labrador,10,Total - Sex,Telugu,50,45,0,5,0
Newfoundland and Labrador,10,Total - Sex,"Dravidian languages, n.i.e.",0,0,0,0,0
Newfoundland and Labrador,10,Total - Sex,Hmong-Mien languages,0,0,0,0,0
Newfoundland and Labrador,10,Total - Sex,Indo-European languages,4020,3480,0,425,110
Newfoundland and Labrador,10,Total - Sex,Albanian,85,70,0,5,15
Newfoundland and Labrador,10,Total - Sex,Armenian,10,5,0,0,5
Newfoundland and Labrador,10,Total - Sex,Balto-Slavic languages,585,505,5,75,10
Newfoundland and Labrador,10,Total - Sex,Baltic languages,10,10,0,0,0
Newfoundland and Labrador,10,Total - Sex,Latvian,10,10,0,0,0
Newfoundland and Labrador,10,Total - Sex,Lithuanian,0,0,0,0,0
Newfoundland and Labrador,10,Total - Sex,Slavic languages,575,495,5,70,10
Newfoundland and Labrador,10,Total - Sex,Belarusan,5,0,0,0,0
Newfoundland and Labrador,10,Total - Sex,Bosnian,15,15,0,0,0
Newfoundland and Labrador,10,Total - Sex,Bulgarian,60,50,0,10,0
Newfoundland and Labrador,10,Total - Sex,Croatian,30,25,0,0,0
Newfoundland and Labrador,10,Total - Sex,Czech,35,30,0,5,0
Newfoundland and Labrador,10,Total - Sex,Macedonian,0,0,0,0,0
Newfoundland and Labrador,10,Total - Sex,Polish,105,90,0,15,0
Newfoundland and Labrador,10,Total - Sex,Russian,215,190,0,25,5
Newfoundland and Labrador,10,Total - Sex,Serbian,30,25,0,0,0
Newfoundland and Labrador,10,Total - Sex,Serbo-Croatian,10,5,0,5,0
Newfoundland and Labrador,10,Total - Sex,Slovak,5,5,0,0,0
Newfoundland and Labrador,10,Total - Sex,Slovene (Slovenian),10,10,0,0,0
Newfoundland and Labrador,10,Total - Sex,Ukrainian,40,40,0,5,0
Newfoundland and Labrador,10,Total - Sex,"Slavic languages, n.i.e.",0,0,0,0,0
Newfoundland and Labrador,10,Total - Sex,Celtic languages,25,15,0,5,0
Newfoundland and Labrador,10,Total - Sex,Scottish Gaelic,10,10,0,5,0
Newfoundland and Labrador,10,Total - Sex,Welsh,5,5,0,0,0
Newfoundland and Labrador,10,Total - Sex,"Celtic languages, n.i.e.",5,5,0,5,0
Newfoundland and Labrador,10,Total - Sex,Germanic languages,715,600,0,105,5
Newfoundland and Labrador,10,Total - Sex,Afrikaans,55,50,0,0,0
Newfoundland and Labrador,10,Total - Sex,Danish,55,50,0,5,0
Newfoundland and Labrador,10,Total - Sex,Dutch,110,90,0,20,0
Newfoundland and Labrador,10,Total - Sex,Frisian,0,0,0,0,0
Newfoundland and Labrador,10,Total - Sex,German,380,310,0,65,5
Newfoundland and Labrador,10,Total - Sex,Icelandic,30,30,0,0,0
Newfoundland and Labrador,10,Total - Sex,Norwegian,55,50,0,5,0
Newfoundland and Labrador,10,Total - Sex,Swedish,15,10,0,0,5
Newfoundland and Labrador,10,Total - Sex,Vlaams (Flemish),0,0,0,0,0
Newfoundland and Labrador,10,Total - Sex,Yiddish,0,0,0,0,0
Newfoundland and Labrador,10,Total - Sex,"Germanic languages, n.i.e.",10,5,0,5,0
Newfoundland and Labrador,10,Total - Sex,Greek,55,50,0,5,0
Newfoundland and Labrador,10,Total - Sex,Indo-Iranian languages,1640,1520,0,70,50
Newfoundland and Labrador,10,Total - Sex,Indo-Aryan languages,1330,1230,0,65,35
Newfoundland and Labrador,10,Total - Sex,Bengali,325,315,0,10,5
Newfoundland and Labrador,10,Total - Sex,Gujarati,70,65,0,5,0
Newfoundland and Labrador,10,Total - Sex,Hindi,175,165,0,10,0
Newfoundland and Labrador,10,Total - Sex,Kashmiri,0,0,0,0,0
Newfoundland and Labrador,10,Total - Sex,Konkani,5,0,0,0,0
Newfoundland and Labrador,10,Total - Sex,Marathi,25,25,0,0,0
Newfoundland and Labrador,10,Total - Sex,Nepali,140,125,0,0,15
Newfoundland and Labrador,10,Total - Sex,Oriya (Odia),5,0,0,0,0
Newfoundland and Labrador,10,Total - Sex,Punjabi (Panjabi),215,195,0,20,0
Newfoundland and Labrador,10,Total - Sex,Sindhi,25,15,0,5,0
Newfoundland and Labrador,10,Total - Sex,Sinhala (Sinhalese),70,70,0,0,0
Newfoundland and Labrador,10,Total - Sex,Urdu,285,255,0,20,5
Newfoundland and Labrador,10,Total - Sex,Iranian languages,280,250,0,10,15
Newfoundland and Labrador,10,Total - Sex,Kurdish,15,5,0,0,5
Newfoundland and Labrador,10,Total - Sex,Pashto,30,25,0,0,0
Newfoundland and Labrador,10,Total - Sex,Persian (Farsi),235,220,0,10,15
Newfoundland and Labrador,10,Total - Sex,"Indo-Iranian languages, n.i.e.",30,30,0,0,5
Newfoundland and Labrador,10,Total - Sex,Italic (Romance) languages,915,715,0,165,30
Newfoundland and Labrador,10,Total - Sex,Catalan,5,0,0,5,0
Newfoundland and Labrador,10,Total - Sex,Italian,105,85,0,25,0
Newfoundland and Labrador,10,Total - Sex,Portuguese,165,125,0,30,10
Newfoundland and Labrador,10,Total - Sex,Romanian,45,25,0,20,0
Newfoundland and Labrador,10,Total - Sex,Spanish,595,475,0,95,25
Newfoundland and Labrador,10,Total - Sex,"Italic (Romance) languages, n.i.e.",5,5,0,0,0
Newfoundland and Labrador,10,Total - Sex,Japanese,45,40,5,5,0
Newfoundland and Labrador,10,Total - Sex,Kartvelian languages,0,0,0,0,0
Newfoundland and Labrador,10,Total - Sex,Georgian,0,0,0,0,0
Newfoundland and Labrador,10,Total - Sex,Korean,125,115,0,5,5
Newfoundland and Labrador,10,Total - Sex,Mongolic languages,5,0,0,0,0
Newfoundland and Labrador,10,Total - Sex,Mongolian,0,0,0,0,0
Newfoundland and Labrador,10,Total - Sex,Niger-Congo languages,315,255,0,35,25
Newfoundland and Labrador,10,Total - Sex,Akan (Twi),30,30,0,5,0
Newfoundland and Labrador,10,Total - Sex,Bamanankan,0,0,0,0,0
Newfoundland and Labrador,10,Total - Sex,Edo,5,5,0,0,0
Newfoundland and Labrador,10,Total - Sex,Ewe,5,5,0,5,0
Newfoundland and Labrador,10,Total - Sex,"Fulah (Pular, Pulaar, Fulfulde)",0,0,0,0,0
Newfoundland and Labrador,10,Total - Sex,Ga,0,0,0,0,0
Newfoundland and Labrador,10,Total - Sex,Ganda,10,10,0,0,0
Newfoundland and Labrador,10,Total - Sex,Igbo,30,30,0,0,0
Newfoundland and Labrador,10,Total - Sex,Lingala,5,5,0,5,0
Newfoundland and Labrador,10,Total - Sex,Rundi (Kirundi),5,0,0,5,0
Newfoundland and Labrador,10,Total - Sex,Kinyarwanda (Rwanda),5,5,0,5,0
Newfoundland and Labrador,10,Total - Sex,Shona,30,30,0,0,0
Newfoundland and Labrador,10,Total - Sex,Swahili,55,25,0,5,20
Newfoundland and Labrador,10,Total - Sex,Wolof,10,10,0,0,0
Newfoundland and Labrador,10,Total - Sex,Yoruba,60,60,0,0,0
Newfoundland and Labrador,10,Total - Sex,"Niger-Congo languages, n.i.e.",70,60,0,10,0
Newfoundland and Labrador,10,Total - Sex,Nilo-Saharan languages,35,30,0,5,5
Newfoundland and Labrador,10,Total - Sex,Dinka,10,10,0,0,0
Newfoundland and Labrador,10,Total - Sex,"Nilo-Saharan languages, n.i.e.",25,20,0,5,0
Newfoundland and Labrador,10,Total - Sex,Sign languages,120,55,0,0,65
Newfoundland and Labrador,10,Total - Sex,American Sign Language,50,30,0,0,20
Newfoundland and Labrador,10,Total - Sex,Quebec Sign Language,0,0,0,0,0
Newfoundland and Labrador,10,Total - Sex,"Sign languages, n.i.e",75,25,0,0,50
Newfoundland and Labrador,10,Total - Sex,Sino-Tibetan languages,1620,1470,0,30,115
Newfoundland and Labrador,10,Total - Sex,Chinese languages,1595,1450,0,30,115
Newfoundland and Labrador,10,Total - Sex,Cantonese,360,295,0,15,50
Newfoundland and Labrador,10,Total - Sex,Hakka,10,10,0,0,0
Newfoundland and Labrador,10,Total - Sex,Mandarin,990,925,0,15,50
Newfoundland and Labrador,10,Total - Sex,Min Dong,0,0,0,0,0
Newfoundland and Labrador,10,Total - Sex,"Min Nan (Chaochow, Teochow, Fukien, Taiwanese)",35,30,0,0,0
Newfoundland and Labrador,10,Total - Sex,Wu (Shanghainese),10,10,0,0,0
Newfoundland and Labrador,10,Total - Sex,"Chinese, n.o.s.",190,170,0,0,15
Newfoundland and Labrador,10,Total - Sex,"Chinese languages, n.i.e.",5,5,0,0,0
Newfoundland and Labrador,10,Total - Sex,Tibeto-Burman languages,30,25,0,0,0
Newfoundland and Labrador,10,Total - Sex,Burmese,10,10,0,0,0
Newfoundland and Labrador,10,Total - Sex,Karenic languages,10,5,0,0,0
Newfoundland and Labrador,10,Total - Sex,Tibetan,0,5,0,0,0
Newfoundland and Labrador,10,Total - Sex,"Tibeto-Burman languages, n.i.e.",5,5,0,0,0
Newfoundland and Labrador,10,Total - Sex,Tai-Kadai languages,50,50,0,0,0
Newfoundland and Labrador,10,Total - Sex,Lao,5,5,0,0,0
Newfoundland and Labrador,10,Total - Sex,Thai,45,45,0,0,0
Newfoundland and Labrador,10,Total - Sex,"Tai-Kadai languages, n.i.e",0,0,0,0,0
Newfoundland and Labrador,10,Total - Sex,Turkic languages,70,60,0,10,0
Newfoundland and Labrador,10,Total - Sex,Azerbaijani,10,10,0,0,0
Newfoundland and Labrador,10,Total - Sex,Turkish,45,40,0,5,0
Newfoundland and Labrador,10,Total - Sex,Uyghur,0,0,0,0,0
Newfoundland and Labrador,10,Total - Sex,Uzbek,15,5,0,0,0
Newfoundland and Labrador,10,Total - Sex,"Turkic languages, n.i.e.",5,5,0,0,0
Newfoundland and Labrador,10,Total - Sex,Uralic languages,90,70,0,20,0
Newfoundland and Labrador,10,Total - Sex,Estonian,20,10,0,5,0
Newfoundland and Labrador,10,Total - Sex,Finnish,20,15,0,5,0
Newfoundland and Labrador,10,Total - Sex,Hungarian,55,45,0,10,0
Newfoundland and Labrador,10,Total - Sex,"Uralic languages, n.i.e.",0,0,0,0,0
Newfoundland and Labrador,10,Total - Sex,"Other languages, n.i.e.",20,15,0,5,0
Newfoundland and Labrador,10,Total - Sex,Multiple responses,1700,1090,5,590,15
Newfoundland and Labrador,10,Total - Sex,English and French,580,135,0,445,0
Newfoundland and Labrador,10,Total - Sex,English and non-official language,1025,945,0,70,15
Newfoundland and Labrador,10,Total - Sex,French and non-official language,55,5,5,50,0
Newfoundland and Labrador,10,Total - Sex,"English, French and non-official language",25,5,0,20,0
Newfoundland and Labrador,10,Male,Total - Mother tongue,252310,241310,60,10580,365
Newfoundland and Labrador,10,Male,Single responses,251490,240755,60,10325,355
Newfoundland and Labrador,10,Male,Official languages,245300,235260,50,9955,40
Newfoundland and Labrador,10,Male,English,244065,235155,5,8860,40
Newfoundland and Labrador,10,Male,French,1240,105,40,1090,0
Newfoundland and Labrador,10,Male,Non-official languages,6185,5495,10,370,315
Newfoundland and Labrador,10,Male,Aboriginal languages,1265,1190,5,20,50
Newfoundland and Labrador,10,Male,Algonquian languages,1030,955,5,15,45
Newfoundland and Labrador,10,Male,Blackfoot,0,0,0,0,0
Newfoundland and Labrador,10,Male,Cree-Montagnais languages,1025,955,5,20,45
Newfoundland and Labrador,10,Male,Atikamekw,0,0,0,0,0
Newfoundland and Labrador,10,Male,Montagnais (Innu),725,680,5,20,25
Newfoundland and Labrador,10,Male,Moose Cree,0,0,0,0,0
Newfoundland and Labrador,10,Male,Naskapi,295,275,0,5,20
Newfoundland and Labrador,10,Male,Northern East Cree,0,0,0,0,0
Newfoundland and Labrador,10,Male,Plains Cree,0,5,0,0,0
Newfoundland and Labrador,10,Male,Southern East Cree,0,0,0,0,0
Newfoundland and Labrador,10,Male,Swampy Cree,0,0,0,0,0
Newfoundland and Labrador,10,Male,Woods Cree,0,0,0,0,0
Newfoundland and Labrador,10,Male,"Cree, n.o.s.",0,0,0,0,0
Newfoundland and Labrador,10,Male,Eastern Algonquian languages,5,0,0,0,0
Newfoundland and Labrador,10,Male,Malecite,0,0,0,0,0
Newfoundland and Labrador,10,Male,Mi'kmaq,0,0,0,0,0
Newfoundland and Labrador,10,Male,Ojibway-Potawatomi languages,0,5,0,0,0
Newfoundland and Labrador,10,Male,Algonquin,0,0,0,0,0
Newfoundland and Labrador,10,Male,Ojibway,0,0,0,0,0
Newfoundland and Labrador,10,Male,Oji-Cree,0,0,0,0,0
Newfoundland and Labrador,10,Male,Ottawa (Odawa),0,0,0,0,0
Newfoundland and Labrador,10,Male,"Algonquian languages, n.i.e.",0,0,0,0,0
Newfoundland and Labrador,10,Male,Athabaskan languages,0,0,0,0,0
Newfoundland and Labrador,10,Male,Northern Athabaskan languages,0,0,0,0,0
Newfoundland and Labrador,10,Male,Babine (Wetsuwet'en),0,0,0,0,0
Newfoundland and Labrador,10,Male,Beaver,0,0,0,0,0
Newfoundland and Labrador,10,Male,Carrier,0,0,0,0,0
Newfoundland and Labrador,10,Male,Chilcotin,0,0,0,0,0
Newfoundland and Labrador,10,Male,Dene,0,0,0,0,0
Newfoundland and Labrador,10,Male,Dogrib (Tlicho),0,0,0,0,0
Newfoundland and Labrador,10,Male,Gwich'in,0,0,0,0,0
Newfoundland and Labrador,10,Male,Sarsi (Sarcee),0,0,0,0,0
Newfoundland and Labrador,10,Male,Sekani,0,0,0,0,0
Newfoundland and Labrador,10,Male,Slavey-Hare languages,0,0,0,0,0
Newfoundland and Labrador,10,Male,North Slavey (Hare),0,0,0,0,0
Newfoundland and Labrador,10,Male,South Slavey,0,0,0,0,0
Newfoundland and Labrador,10,Male,"Slavey, n.o.s.",0,0,0,0,0
Newfoundland and Labrador,10,Male,Tahltan languages,0,0,0,0,0
Newfoundland and Labrador,10,Male,Kaska (Nahani),0,0,0,0,0
Newfoundland and Labrador,10,Male,Tahltan,0,0,0,0,0
Newfoundland and Labrador,10,Male,Tutchone languages,0,0,0,0,0
Newfoundland and Labrador,10,Male,Northern Tutchone,0,0,0,0,0
Newfoundland and Labrador,10,Male,Southern Tutchone,0,0,0,0,0
Newfoundland and Labrador,10,Male,"Athabaskan languages, n.i.e.",0,0,0,0,0
Newfoundland and Labrador,10,Male,Haida,0,0,0,0,0
Newfoundland and Labrador,10,Male,Inuit languages,235,230,0,0,5
Newfoundland and Labrador,10,Male,Inuinnaqtun (Inuvialuktun),0,0,0,0,0
Newfoundland and Labrador,10,Male,Inuktitut,205,200,0,0,5
Newfoundland and Labrador,10,Male,"Inuit languages, n.i.e.",30,30,0,0,0
Newfoundland and Labrador,10,Male,Iroquoian languages,0,0,0,0,0
Newfoundland and Labrador,10,Male,Cayuga,0,0,0,0,0
Newfoundland and Labrador,10,Male,Mohawk,5,0,0,5,0
Newfoundland and Labrador,10,Male,Oneida,0,0,0,0,0
Newfoundland and Labrador,10,Male,"Iroquoian languages, n.i.e.",0,0,0,0,0
Newfoundland and Labrador,10,Male,Kutenai,0,0,0,0,0
Newfoundland and Labrador,10,Male,Michif,0,0,0,0,0
Newfoundland and Labrador,10,Male,Salish languages,0,0,0,0,0
Newfoundland and Labrador,10,Male,Comox,0,0,0,0,0
Newfoundland and Labrador,10,Male,Halkomelem,0,0,0,0,0
Newfoundland and Labrador,10,Male,Lillooet,0,0,0,0,0
Newfoundland and Labrador,10,Male,Okanagan,0,0,0,0,0
Newfoundland and Labrador,10,Male,Shuswap (Secwepemctsin),0,0,0,0,0
Newfoundland and Labrador,10,Male,Squamish,0,0,0,0,0
Newfoundland and Labrador,10,Male,Straits,0,0,0,0,0
Newfoundland and Labrador,10,Male,Thompson (Ntlakapamux),0,0,0,0,0
Newfoundland and Labrador,10,Male,"Salish languages, n.i.e.",0,0,0,0,0
Newfoundland and Labrador,10,Male,Siouan languages,0,0,0,0,0
Newfoundland and Labrador,10,Male,Dakota,0,0,0,0,0
Newfoundland and Labrador,10,Male,Stoney,0,0,0,0,0
Newfoundland and Labrador,10,Male,"Siouan languages, n.i.e.",0,0,0,0,0
Newfoundland and Labrador,10,Male,Tlingit,0,0,0,0,0
Newfoundland and Labrador,10,Male,Tsimshian languages,0,0,0,0,0
Newfoundland and Labrador,10,Male,Gitxsan (Gitksan),0,0,0,0,0
Newfoundland and Labrador,10,Male,Nisga'a,0,0,0,0,0
Newfoundland and Labrador,10,Male,Tsimshian,0,0,0,0,0
Newfoundland and Labrador,10,Male,Wakashan languages,0,0,0,0,0
Newfoundland and Labrador,10,Male,Haisla,0,0,0,0,0
Newfoundland and Labrador,10,Male,Heiltsuk,0,0,0,0,0
Newfoundland and Labrador,10,Male,Kwakiutl (Kwak'wala),0,0,0,0,0
Newfoundland and Labrador,10,Male,Nuu-chah-nulth (Nootka),0,0,0,0,0
Newfoundland and Labrador,10,Male,"Wakashan languages, n.i.e.",0,0,0,0,0
Newfoundland and Labrador,10,Male,"Aboriginal languages, n.o.s.",0,0,0,0,0
Newfoundland and Labrador,10,Male,Non-Aboriginal languages,4920,4305,5,350,265
Newfoundland and Labrador,10,Male,Afro-Asiatic languages,725,555,0,70,105
Newfoundland and Labrador,10,Male,Berber languages,5,0,0,0,0
Newfoundland and Labrador,10,Male,Kabyle,0,0,0,0,0
Newfoundland and Labrador,10,Male,"Berber languages, n.i.e.",5,0,0,0,0
Newfoundland and Labrador,10,Male,Cushitic languages,25,20,0,0,0
Newfoundland and Labrador,10,Male,Bilen,5,5,0,0,0
Newfoundland and Labrador,10,Male,Oromo,20,15,0,0,0
Newfoundland and Labrador,10,Male,Somali,0,0,0,0,0
Newfoundland and Labrador,10,Male,"Cushitic languages, n.i.e.",0,0,0,0,0
Newfoundland and Labrador,10,Male,Semitic languages,705,530,0,65,105
Newfoundland and Labrador,10,Male,Amharic,15,10,0,0,5
Newfoundland and Labrador,10,Male,Arabic,650,485,0,65,100
Newfoundland and Labrador,10,Male,Assyrian Neo-Aramaic,0,0,0,0,0
Newfoundland and Labrador,10,Male,Chaldean Neo-Aramaic,0,0,0,0,0
Newfoundland and Labrador,10,Male,Harari,0,0,0,0,0
Newfoundland and Labrador,10,Male,Hebrew,5,5,0,0,0
Newfoundland and Labrador,10,Male,Maltese,0,0,0,0,0
Newfoundland and Labrador,10,Male,Tigrigna,30,30,0,0,5
Newfoundland and Labrador,10,Male,"Semitic languages, n.i.e.",0,5,0,0,0
Newfoundland and Labrador,10,Male,"Afro-Asiatic languages, n.i.e.",0,0,0,0,0
Newfoundland and Labrador,10,Male,Austro-Asiatic languages,30,25,0,5,0
Newfoundland and Labrador,10,Male,Khmer (Cambodian),0,0,0,0,0
Newfoundland and Labrador,10,Male,Vietnamese,30,25,0,0,0
Newfoundland and Labrador,10,Male,"Austro-Asiatic languages, n.i.e",0,0,0,0,0
Newfoundland and Labrador,10,Male,Austronesian languages,475,470,0,5,5
Newfoundland and Labrador,10,Male,Bikol,0,0,0,0,0
Newfoundland and Labrador,10,Male,Cebuano,20,20,0,5,0
Newfoundland and Labrador,10,Male,Fijian,0,0,0,0,0
Newfoundland and Labrador,10,Male,Hiligaynon,5,5,0,0,0
Newfoundland and Labrador,10,Male,Ilocano,10,10,0,0,0
Newfoundland and Labrador,10,Male,Malagasy,0,0,0,0,0
Newfoundland and Labrador,10,Male,Malay,15,15,0,0,0
Newfoundland and Labrador,10,Male,"Pampangan (Kapampangan, Pampango)",5,10,0,0,0
Newfoundland and Labrador,10,Male,Pangasinan,0,0,0,0,0
Newfoundland and Labrador,10,Male,"Tagalog (Pilipino, Filipino)",415,410,0,5,0
Newfoundland and Labrador,10,Male,Waray-Waray,0,0,0,0,0
Newfoundland and Labrador,10,Male,"Austronesian languages, n.i.e.",5,5,0,0,0
Newfoundland and Labrador,10,Male,Creole languages,20,5,0,10,0
Newfoundland and Labrador,10,Male,Haitian Creole,0,0,0,0,0
Newfoundland and Labrador,10,Male,"Creole, n.o.s.",15,0,0,10,0
Newfoundland and Labrador,10,Male,"Creole languages, n.i.e.",5,5,0,0,0
Newfoundland and Labrador,10,Male,Dravidian languages,150,150,0,0,0
Newfoundland and Labrador,10,Male,Kannada,5,5,0,0,0
Newfoundland and Labrador,10,Male,Malayalam,55,55,0,0,0
Newfoundland and Labrador,10,Male,Tamil,70,65,0,5,0
Newfoundland and Labrador,10,Male,Telugu,25,25,0,0,0
Newfoundland and Labrador,10,Male,"Dravidian languages, n.i.e.",0,0,0,0,0
Newfoundland and Labrador,10,Male,Hmong-Mien languages,0,0,0,0,0
Newfoundland and Labrador,10,Male,Indo-European languages,2260,2010,0,205,45
Newfoundland and Labrador,10,Male,Albanian,45,35,0,0,5
Newfoundland and Labrador,10,Male,Armenian,5,5,0,0,0
Newfoundland and Labrador,10,Male,Balto-Slavic languages,305,270,0,30,5
Newfoundland and Labrador,10,Male,Baltic languages,5,5,0,0,0
Newfoundland and Labrador,10,Male,Latvian,5,5,0,0,0
Newfoundland and Labrador,10,Male,Lithuanian,0,0,0,0,0
Newfoundland and Labrador,10,Male,Slavic languages,300,265,0,30,5
Newfoundland and Labrador,10,Male,Belarusan,5,5,0,0,0
Newfoundland and Labrador,10,Male,Bosnian,10,10,0,0,0
Newfoundland and Labrador,10,Male,Bulgarian,30,25,0,5,5
Newfoundland and Labrador,10,Male,Croatian,15,20,0,0,0
Newfoundland and Labrador,10,Male,Czech,20,15,0,5,0
Newfoundland and Labrador,10,Male,Macedonian,0,0,0,0,0
Newfoundland and Labrador,10,Male,Polish,55,50,0,5,0
Newfoundland and Labrador,10,Male,Russian,115,100,0,15,0
Newfoundland and Labrador,10,Male,Serbian,20,15,0,0,0
Newfoundland and Labrador,10,Male,Serbo-Croatian,0,0,0,0,0
Newfoundland and Labrador,10,Male,Slovak,5,5,0,0,0
Newfoundland and Labrador,10,Male,Slovene (Slovenian),5,5,0,0,0
Newfoundland and Labrador,10,Male,Ukrainian,15,15,0,5,0
Newfoundland and Labrador,10,Male,"Slavic languages, n.i.e.",5,0,0,0,0
Newfoundland and Labrador,10,Male,Celtic languages,10,10,0,0,0
Newfoundland and Labrador,10,Male,Scottish Gaelic,5,5,0,5,0
Newfoundland and Labrador,10,Male,Welsh,5,0,0,0,0
Newfoundland and Labrador,10,Male,"Celtic languages, n.i.e.",0,0,0,0,0
Newfoundland and Labrador,10,Male,Germanic languages,425,370,0,50,0
Newfoundland and Labrador,10,Male,Afrikaans,30,30,0,0,0
Newfoundland and Labrador,10,Male,Danish,30,30,0,0,0
Newfoundland and Labrador,10,Male,Dutch,70,55,0,15,0
Newfoundland and Labrador,10,Male,Frisian,0,0,0,0,0
Newfoundland and Labrador,10,Male,German,210,180,0,25,5
Newfoundland and Labrador,10,Male,Icelandic,20,20,0,0,0
Newfoundland and Labrador,10,Male,Norwegian,45,40,0,0,0
Newfoundland and Labrador,10,Male,Swedish,10,10,0,5,0
Newfoundland and Labrador,10,Male,Vlaams (Flemish),0,0,0,0,0
Newfoundland and Labrador,10,Male,Yiddish,0,0,0,0,0
Newfoundland and Labrador,10,Male,"Germanic languages, n.i.e.",10,5,0,0,0
Newfoundland and Labrador,10,Male,Greek,40,35,0,0,0
Newfoundland and Labrador,10,Male,Indo-Iranian languages,970,905,0,30,25
Newfoundland and Labrador,10,Male,Indo-Aryan languages,800,750,0,30,20
Newfoundland and Labrador,10,Male,Bengali,220,210,0,5,0
Newfoundland and Labrador,10,Male,Gujarati,40,40,0,0,0
Newfoundland and Labrador,10,Male,Hindi,100,100,0,0,0
Newfoundland and Labrador,10,Male,Kashmiri,0,0,0,0,0
Newfoundland and Labrador,10,Male,Konkani,5,0,0,0,0
Newfoundland and Labrador,10,Male,Marathi,15,10,0,5,0
Newfoundland and Labrador,10,Male,Nepali,80,75,0,0,10
Newfoundland and Labrador,10,Male,Oriya (Odia),5,0,0,0,0
Newfoundland and Labrador,10,Male,Punjabi (Panjabi),130,115,0,10,0
Newfoundland and Labrador,10,Male,Sindhi,10,10,0,5,0
Newfoundland and Labrador,10,Male,Sinhala (Sinhalese),35,35,0,0,0
Newfoundland and Labrador,10,Male,Urdu,165,150,0,5,5
Newfoundland and Labrador,10,Male,Iranian languages,145,135,0,5,5
Newfoundland and Labrador,10,Male,Kurdish,10,5,0,0,5
Newfoundland and Labrador,10,Male,Pashto,10,10,0,0,0
Newfoundland and Labrador,10,Male,Persian (Farsi),125,120,0,5,5
Newfoundland and Labrador,10,Male,"Indo-Iranian languages, n.i.e.",20,20,0,0,0
Newfoundland and Labrador,10,Male,Italic (Romance) languages,465,375,0,80,10
Newfoundland and Labrador,10,Male,Catalan,0,0,0,0,0
Newfoundland and Labrador,10,Male,Italian,60,50,0,15,0
Newfoundland and Labrador,10,Male,Portuguese,90,70,0,20,5
Newfoundland and Labrador,10,Male,Romanian,15,10,0,10,0
Newfoundland and Labrador,10,Male,Spanish,295,240,0,40,10
Newfoundland and Labrador,10,Male,"Italic (Romance) languages, n.i.e.",5,0,0,0,0
Newfoundland and Labrador,10,Male,Japanese,15,15,0,0,0
Newfoundland and Labrador,10,Male,Kartvelian languages,0,0,0,0,0
Newfoundland and Labrador,10,Male,Georgian,5,5,0,0,0
Newfoundland and Labrador,10,Male,Korean,50,50,0,0,5
Newfoundland and Labrador,10,Male,Mongolic languages,0,0,0,0,0
Newfoundland and Labrador,10,Male,Mongolian,0,0,0,0,0
Newfoundland and Labrador,10,Male,Niger-Congo languages,170,140,0,20,5
Newfoundland and Labrador,10,Male,Akan (Twi),20,15,0,0,0
Newfoundland and Labrador,10,Male,Bamanankan,0,0,0,0,0
Newfoundland and Labrador,10,Male,Edo,5,0,0,0,0
Newfoundland and Labrador,10,Male,Ewe,5,0,0,0,0
Newfoundland and Labrador,10,Male,"Fulah (Pular, Pulaar, Fulfulde)",0,0,0,0,0
Newfoundland and Labrador,10,Male,Ga,0,0,0,0,0
Newfoundland and Labrador,10,Male,Ganda,5,5,0,0,0
Newfoundland and Labrador,10,Male,Igbo,20,15,0,0,0
Newfoundland and Labrador,10,Male,Lingala,5,0,0,0,0
Newfoundland and Labrador,10,Male,Rundi (Kirundi),0,0,0,0,0
Newfoundland and Labrador,10,Male,Kinyarwanda (Rwanda),5,0,0,5,0
Newfoundland and Labrador,10,Male,Shona,15,15,0,0,0
Newfoundland and Labrador,10,Male,Swahili,25,15,0,0,10
Newfoundland and Labrador,10,Male,Wolof,5,0,0,0,0
Newfoundland and Labrador,10,Male,Yoruba,35,35,0,0,0
Newfoundland and Labrador,10,Male,"Niger-Congo languages, n.i.e.",30,30,0,0,0
Newfoundland and Labrador,10,Male,Nilo-Saharan languages,20,15,0,0,0
Newfoundland and Labrador,10,Male,Dinka,5,5,0,0,0
Newfoundland and Labrador,10,Male,"Nilo-Saharan languages, n.i.e.",15,10,0,0,0
Newfoundland and Labrador,10,Male,Sign languages,70,25,0,0,45
Newfoundland and Labrador,10,Male,American Sign Language,25,15,0,0,10
Newfoundland and Labrador,10,Male,Quebec Sign Language,0,0,0,0,0
Newfoundland and Labrador,10,Male,"Sign languages, n.i.e",45,10,0,0,35
Newfoundland and Labrador,10,Male,Sino-Tibetan languages,830,765,0,15,50
Newfoundland and Labrador,10,Male,Chinese languages,815,750,0,20,45
Newfoundland and Labrador,10,Male,Cantonese,195,165,0,5,20
Newfoundland and Labrador,10,Male,Hakka,5,0,0,0,5
Newfoundland and Labrador,10,Male,Mandarin,495,470,0,5,15
Newfoundland and Labrador,10,Male,Min Dong,0,0,0,0,0
Newfoundland and Labrador,10,Male,"Min Nan (Chaochow, Teochow, Fukien, Taiwanese)",10,10,0,0,0
Newfoundland and Labrador,10,Male,Wu (Shanghainese),5,0,0,0,0
Newfoundland and Labrador,10,Male,"Chinese, n.o.s.",100,95,0,0,10
Newfoundland and Labrador,10,Male,"Chinese languages, n.i.e.",5,0,0,0,0
Newfoundland and Labrador,10,Male,Tibeto-Burman languages,10,10,0,0,0
Newfoundland and Labrador,10,Male,Burmese,5,0,0,0,0
Newfoundland and Labrador,10,Male,Karenic languages,10,5,0,0,0
Newfoundland and Labrador,10,Male,Tibetan,5,0,0,0,0
Newfoundland and Labrador,10,Male,"Tibeto-Burman languages, n.i.e.",0,0,0,0,5
Newfoundland and Labrador,10,Male,Tai-Kadai languages,20,20,0,0,0
Newfoundland and Labrador,10,Male,Lao,5,5,0,0,0
Newfoundland and Labrador,10,Male,Thai,15,15,0,0,0
Newfoundland and Labrador,10,Male,"Tai-Kadai languages, n.i.e",0,0,0,0,0
Newfoundland and Labrador,10,Male,Turkic languages,40,35,0,5,0
Newfoundland and Labrador,10,Male,Azerbaijani,5,5,0,0,0
Newfoundland and Labrador,10,Male,Turkish,30,30,0,5,0
Newfoundland and Labrador,10,Male,Uyghur,0,0,0,0,0
Newfoundland and Labrador,10,Male,Uzbek,5,5,0,0,0
Newfoundland and Labrador,10,Male,"Turkic languages, n.i.e.",0,0,0,0,0
Newfoundland and Labrador,10,Male,Uralic languages,25,15,0,10,0
Newfoundland and Labrador,10,Male,Estonian,10,5,0,5,0
Newfoundland and Labrador,10,Male,Finnish,5,0,0,0,0
Newfoundland and Labrador,10,Male,Hungarian,10,10,0,0,0
Newfoundland and Labrador,10,Male,"Uralic languages, n.i.e.",0,0,0,0,0
Newfoundland and Labrador,10,Male,"Other languages, n.i.e.",15,10,0,5,0
Newfoundland and Labrador,10,Male,Multiple responses,820,555,0,255,10
Newfoundland and Labrador,10,Male,English and French,250,65,0,185,0
Newfoundland and Labrador,10,Male,English and non-official language,525,485,0,35,10
Newfoundland and Labrador,10,Male,French and non-official language,30,0,0,25,0
Newfoundland and Labrador,10,Male,"English, French and non-official language",10,0,0,10,0
Newfoundland and Labrador,10,Female,Total - Mother tongue,263365,247490,55,15365,455
Newfoundland and Labrador,10,Female,Single responses,262490,246955,55,15030,450
Newfoundland and Labrador,10,Female,Official languages,256755,241985,50,14685,35
Newfoundland and Labrador,10,Female,English,255640,241855,5,13745,35
Newfoundland and Labrador,10,Female,French,1115,125,50,940,0
Newfoundland and Labrador,10,Female,Non-official languages,5735,4970,10,345,410
Newfoundland and Labrador,10,Female,Aboriginal languages,1355,1255,0,20,80
Newfoundland and Labrador,10,Female,Algonquian languages,1100,1010,0,15,75
Newfoundland and Labrador,10,Female,Blackfoot,0,0,0,0,0
Newfoundland and Labrador,10,Female,Cree-Montagnais languages,1095,1005,0,15,70
Newfoundland and Labrador,10,Female,Atikamekw,0,0,0,0,0
Newfoundland and Labrador,10,Female,Montagnais (Innu),785,735,0,15,30
Newfoundland and Labrador,10,Female,Moose Cree,0,0,0,0,0
Newfoundland and Labrador,10,Female,Naskapi,305,270,0,0,40
Newfoundland and Labrador,10,Female,Northern East Cree,0,0,0,0,0
Newfoundland and Labrador,10,Female,Plains Cree,0,0,0,0,0
Newfoundland and Labrador,10,Female,Southern East Cree,0,0,0,0,0
Newfoundland and Labrador,10,Female,Swampy Cree,0,0,0,0,0
Newfoundland and Labrador,10,Female,Woods Cree,0,0,0,0,0
Newfoundland and Labrador,10,Female,"Cree, n.o.s.",5,5,0,0,0
Newfoundland and Labrador,10,Female,Eastern Algonquian languages,5,0,0,5,0
Newfoundland and Labrador,10,Female,Malecite,0,0,0,0,0
Newfoundland and Labrador,10,Female,Mi'kmaq,5,0,0,0,0
Newfoundland and Labrador,10,Female,Ojibway-Potawatomi languages,0,0,0,0,0
Newfoundland and Labrador,10,Female,Algonquin,0,0,0,0,0
Newfoundland and Labrador,10,Female,Ojibway,0,0,0,0,0
Newfoundland and Labrador,10,Female,Oji-Cree,0,0,0,0,0
Newfoundland and Labrador,10,Female,Ottawa (Odawa),0,0,0,0,0
Newfoundland and Labrador,10,Female,"Algonquian languages, n.i.e.",0,0,0,0,0
Newfoundland and Labrador,10,Female,Athabaskan languages,0,0,0,0,0
Newfoundland and Labrador,10,Female,Northern Athabaskan languages,0,0,0,0,0
Newfoundland and Labrador,10,Female,Babine (Wetsuwet'en),0,0,0,0,0
Newfoundland and Labrador,10,Female,Beaver,0,0,0,0,0
Newfoundland and Labrador,10,Female,Carrier,0,0,0,0,0
Newfoundland and Labrador,10,Female,Chilcotin,0,0,0,0,0
Newfoundland and Labrador,10,Female,Dene,0,0,0,0,0
Newfoundland and Labrador,10,Female,Dogrib (Tlicho),0,0,0,0,0
Newfoundland and Labrador,10,Female,Gwich'in,0,0,0,0,0
Newfoundland and Labrador,10,Female,Sarsi (Sarcee),0,0,0,0,0
Newfoundland and Labrador,10,Female,Sekani,0,0,0,0,0
Newfoundland and Labrador,10,Female,Slavey-Hare languages,0,0,0,0,0
Newfoundland and Labrador,10,Female,North Slavey (Hare),0,0,0,0,0
Newfoundland and Labrador,10,Female,South Slavey,0,0,0,0,0
Newfoundland and Labrador,10,Female,"Slavey, n.o.s.",0,0,0,0,0
Newfoundland and Labrador,10,Female,Tahltan languages,0,0,0,0,0
Newfoundland and Labrador,10,Female,Kaska (Nahani),0,0,0,0,0
Newfoundland and Labrador,10,Female,Tahltan,0,0,0,0,0
Newfoundland and Labrador,10,Female,Tutchone languages,0,0,0,0,0
Newfoundland and Labrador,10,Female,Northern Tutchone,0,0,0,0,0
Newfoundland and Labrador,10,Female,Southern Tutchone,0,0,0,0,0
Newfoundland and Labrador,10,Female,"Athabaskan languages, n.i.e.",0,0,0,0,0
Newfoundland and Labrador,10,Female,Haida,0,0,0,0,0
Newfoundland and Labrador,10,Female,Inuit languages,255,245,0,0,5
Newfoundland and Labrador,10,Female,Inuinnaqtun (Inuvialuktun),0,5,0,0,0
Newfoundland and Labrador,10,Female,Inuktitut,230,225,0,0,5
Newfoundland and Labrador,10,Female,"Inuit languages, n.i.e.",20,20,0,0,0
Newfoundland and Labrador,10,Female,Iroquoian languages,0,0,0,0,0
Newfoundland and Labrador,10,Female,Cayuga,0,0,0,0,0
Newfoundland and Labrador,10,Female,Mohawk,0,0,0,0,0
Newfoundland and Labrador,10,Female,Oneida,0,0,0,0,0
Newfoundland and Labrador,10,Female,"Iroquoian languages, n.i.e.",0,0,0,0,0
Newfoundland and Labrador,10,Female,Kutenai,0,0,0,0,0
Newfoundland and Labrador,10,Female,Michif,0,0,0,0,0
Newfoundland and Labrador,10,Female,Salish languages,0,0,0,0,0
Newfoundland and Labrador,10,Female,Comox,0,0,0,0,0
Newfoundland and Labrador,10,Female,Halkomelem,0,0,0,0,0
Newfoundland and Labrador,10,Female,Lillooet,0,0,0,0,0
Newfoundland and Labrador,10,Female,Okanagan,0,0,0,0,0
Newfoundland and Labrador,10,Female,Shuswap (Secwepemctsin),0,0,0,0,0
Newfoundland and Labrador,10,Female,Squamish,0,0,0,0,0
Newfoundland and Labrador,10,Female,Straits,0,0,0,0,0
Newfoundland and Labrador,10,Female,Thompson (Ntlakapamux),0,0,0,0,0
Newfoundland and Labrador,10,Female,"Salish languages, n.i.e.",0,0,0,0,0
Newfoundland and Labrador,10,Female,Siouan languages,0,0,0,0,0
Newfoundland and Labrador,10,Female,Dakota,0,0,0,0,0
Newfoundland and Labrador,10,Female,Stoney,0,0,0,0,0
Newfoundland and Labrador,10,Female,"Siouan languages, n.i.e.",0,0,0,0,0
Newfoundland and Labrador,10,Female,Tlingit,0,0,0,0,0
Newfoundland and Labrador,10,Female,Tsimshian languages,0,0,0,0,0
Newfoundland and Labrador,10,Female,Gitxsan (Gitksan),0,0,0,0,0
Newfoundland and Labrador,10,Female,Nisga'a,0,0,0,0,0
Newfoundland and Labrador,10,Female,Tsimshian,0,0,0,0,0
Newfoundland and Labrador,10,Female,Wakashan languages,0,0,0,0,0
Newfoundland and Labrador,10,Female,Haisla,0,0,0,0,0
Newfoundland and Labrador,10,Female,Heiltsuk,0,0,0,0,0
Newfoundland and Labrador,10,Female,Kwakiutl (Kwak'wala),0,0,0,0,0
Newfoundland and Labrador,10,Female,Nuu-chah-nulth (Nootka),0,0,0,0,0
Newfoundland and Labrador,10,Female,"Wakashan languages, n.i.e.",0,0,0,0,0
Newfoundland and Labrador,10,Female,"Aboriginal languages, n.o.s.",0,0,0,0,0
Newfoundland and Labrador,10,Female,Non-Aboriginal languages,4380,3715,5,325,335
Newfoundland and Labrador,10,Female,Afro-Asiatic languages,570,390,5,25,150
Newfoundland and Labrador,10,Female,Berber languages,5,0,0,0,0
Newfoundland and Labrador,10,Female,Kabyle,0,0,0,0,0
Newfoundland and Labrador,10,Female,"Berber languages, n.i.e.",0,5,0,0,0
Newfoundland and Labrador,10,Female,Cushitic languages,20,20,0,0,5
Newfoundland and Labrador,10,Female,Bilen,5,5,0,0,0
Newfoundland and Labrador,10,Female,Oromo,15,15,0,0,0
Newfoundland and Labrador,10,Female,Somali,0,0,0,0,0
Newfoundland and Labrador,10,Female,"Cushitic languages, n.i.e.",0,0,0,0,0
Newfoundland and Labrador,10,Female,Semitic languages,545,365,5,20,150
Newfoundland and Labrador,10,Female,Amharic,10,10,0,0,0
Newfoundland and Labrador,10,Female,Arabic,490,320,5,25,140
Newfoundland and Labrador,10,Female,Assyrian Neo-Aramaic,0,0,0,0,0
Newfoundland and Labrador,10,Female,Chaldean Neo-Aramaic,0,0,0,0,0
Newfoundland and Labrador,10,Female,Harari,0,0,0,0,0
Newfoundland and Labrador,10,Female,Hebrew,5,5,0,0,0
Newfoundland and Labrador,10,Female,Maltese,5,0,0,0,0
Newfoundland and Labrador,10,Female,Tigrigna,35,25,0,0,5
Newfoundland and Labrador,10,Female,"Semitic languages, n.i.e.",0,0,0,0,0
Newfoundland and Labrador,10,Female,"Afro-Asiatic languages, n.i.e.",0,0,0,0,0
Newfoundland and Labrador,10,Female,Austro-Asiatic languages,25,25,0,0,0
Newfoundland and Labrador,10,Female,Khmer (Cambodian),5,5,0,0,0
Newfoundland and Labrador,10,Female,Vietnamese,25,25,0,0,0
Newfoundland and Labrador,10,Female,"Austro-Asiatic languages, n.i.e",0,0,0,0,0
Newfoundland and Labrador,10,Female,Austronesian languages,645,625,0,10,5
Newfoundland and Labrador,10,Female,Bikol,0,0,0,0,0
Newfoundland and Labrador,10,Female,Cebuano,40,40,0,0,0
Newfoundland and Labrador,10,Female,Fijian,0,0,0,0,0
Newfoundland and Labrador,10,Female,Hiligaynon,5,0,0,0,0
Newfoundland and Labrador,10,Female,Ilocano,20,15,0,0,0
Newfoundland and Labrador,10,Female,Malagasy,0,0,0,0,0
Newfoundland and Labrador,10,Female,Malay,15,10,0,0,0
Newfoundland and Labrador,10,Female,"Pampangan (Kapampangan, Pampango)",5,5,0,0,0
Newfoundland and Labrador,10,Female,Pangasinan,0,0,0,0,0
Newfoundland and Labrador,10,Female,"Tagalog (Pilipino, Filipino)",560,550,0,10,5
Newfoundland and Labrador,10,Female,Waray-Waray,0,0,0,0,0
Newfoundland and Labrador,10,Female,"Austronesian languages, n.i.e.",0,0,0,0,0
Newfoundland and Labrador,10,Female,Creole languages,20,10,0,10,0
Newfoundland and Labrador,10,Female,Haitian Creole,0,0,0,0,0
Newfoundland and Labrador,10,Female,"Creole, n.o.s.",10,0,0,5,0
Newfoundland and Labrador,10,Female,"Creole languages, n.i.e.",10,5,0,0,0
Newfoundland and Labrador,10,Female,Dravidian languages,120,115,0,5,5
Newfoundland and Labrador,10,Female,Kannada,10,10,0,0,0
Newfoundland and Labrador,10,Female,Malayalam,45,45,0,0,0
Newfoundland and Labrador,10,Female,Tamil,40,40,0,0,0
Newfoundland and Labrador,10,Female,Telugu,25,20,0,0,0
Newfoundland and Labrador,10,Female,"Dravidian languages, n.i.e.",0,0,0,0,0
Newfoundland and Labrador,10,Female,Hmong-Mien languages,0,0,0,0,0
Newfoundland and Labrador,10,Female,Indo-European languages,1760,1475,0,220,60
Newfoundland and Labrador,10,Female,Albanian,40,35,0,0,5
Newfoundland and Labrador,10,Female,Armenian,0,0,0,0,0
Newfoundland and Labrador,10,Female,Balto-Slavic languages,275,235,0,40,5
Newfoundland and Labrador,10,Female,Baltic languages,0,5,0,0,0
Newfoundland and Labrador,10,Female,Latvian,5,0,0,0,0
Newfoundland and Labrador,10,Female,Lithuanian,0,0,0,0,0
Newfoundland and Labrador,10,Female,Slavic languages,275,235,0,40,0
Newfoundland and Labrador,10,Female,Belarusan,0,0,0,0,0
Newfoundland and Labrador,10,Female,Bosnian,5,5,0,0,0
Newfoundland and Labrador,10,Female,Bulgarian,30,25,0,0,5
Newfoundland and Labrador,10,Female,Croatian,10,10,0,0,0
Newfoundland and Labrador,10,Female,Czech,15,10,0,0,0
Newfoundland and Labrador,10,Female,Macedonian,5,5,0,0,0
Newfoundland and Labrador,10,Female,Polish,45,40,0,10,0
Newfoundland and Labrador,10,Female,Russian,100,90,0,10,0
Newfoundland and Labrador,10,Female,Serbian,15,15,0,5,0
Newfoundland and Labrador,10,Female,Serbo-Croatian,5,0,0,5,0
Newfoundland and Labrador,10,Female,Slovak,5,0,0,5,0
Newfoundland and Labrador,10,Female,Slovene (Slovenian),5,5,0,5,0
Newfoundland and Labrador,10,Female,Ukrainian,25,25,0,5,0
Newfoundland and Labrador,10,Female,"Slavic languages, n.i.e.",0,0,0,0,0
Newfoundland and Labrador,10,Female,Celtic languages,10,5,0,5,0
Newfoundland and Labrador,10,Female,Scottish Gaelic,5,5,0,0,0
Newfoundland and Labrador,10,Female,Welsh,5,5,0,0,0
Newfoundland and Labrador,10,Female,"Celtic languages, n.i.e.",5,0,0,5,0
Newfoundland and Labrador,10,Female,Germanic languages,295,230,0,60,0
Newfoundland and Labrador,10,Female,Afrikaans,25,25,0,0,0
Newfoundland and Labrador,10,Female,Danish,25,15,0,0,5
Newfoundland and Labrador,10,Female,Dutch,45,35,0,5,0
Newfoundland and Labrador,10,Female,Frisian,0,0,0,0,0
Newfoundland and Labrador,10,Female,German,170,130,0,45,0
Newfoundland and Labrador,10,Female,Icelandic,10,10,0,0,0
Newfoundland and Labrador,10,Female,Norwegian,15,10,0,0,0
Newfoundland and Labrador,10,Female,Swedish,10,5,0,0,0
Newfoundland and Labrador,10,Female,Vlaams (Flemish),0,0,0,0,0
Newfoundland and Labrador,10,Female,Yiddish,0,0,0,0,0
Newfoundland and Labrador,10,Female,"Germanic languages, n.i.e.",0,0,0,0,0
Newfoundland and Labrador,10,Female,Greek,15,15,0,0,0
Newfoundland and Labrador,10,Female,Indo-Iranian languages,675,610,0,35,25
Newfoundland and Labrador,10,Female,Indo-Aryan languages,530,480,0,30,15
Newfoundland and Labrador,10,Female,Bengali,105,100,0,0,0
Newfoundland and Labrador,10,Female,Gujarati,25,25,0,0,0
Newfoundland and Labrador,10,Female,Hindi,70,65,0,5,0
Newfoundland and Labrador,10,Female,Kashmiri,0,0,0,0,0
Newfoundland and Labrador,10,Female,Konkani,0,0,0,0,0
Newfoundland and Labrador,10,Female,Marathi,10,10,0,0,0
Newfoundland and Labrador,10,Female,Nepali,55,50,0,5,5
Newfoundland and Labrador,10,Female,Oriya (Odia),5,0,0,0,0
Newfoundland and Labrador,10,Female,Punjabi (Panjabi),90,80,0,5,0
Newfoundland and Labrador,10,Female,Sindhi,10,10,0,5,0
Newfoundland and Labrador,10,Female,Sinhala (Sinhalese),40,35,0,0,0
Newfoundland and Labrador,10,Female,Urdu,120,110,0,10,5
Newfoundland and Labrador,10,Female,Iranian languages,130,120,0,5,10
Newfoundland and Labrador,10,Female,Kurdish,5,5,0,0,0
Newfoundland and Labrador,10,Female,Pashto,20,15,0,0,0
Newfoundland and Labrador,10,Female,Persian (Farsi),110,100,0,5,5
Newfoundland and Labrador,10,Female,"Indo-Iranian languages, n.i.e.",10,10,0,0,0
Newfoundland and Labrador,10,Female,Italic (Romance) languages,450,340,0,90,25
Newfoundland and Labrador,10,Female,Catalan,0,0,0,0,0
Newfoundland and Labrador,10,Female,Italian,45,30,0,10,0
Newfoundland and Labrador,10,Female,Portuguese,75,60,0,10,5
Newfoundland and Labrador,10,Female,Romanian,25,15,0,10,0
Newfoundland and Labrador,10,Female,Spanish,305,230,0,50,20
Newfoundland and Labrador,10,Female,"Italic (Romance) languages, n.i.e.",0,0,0,0,0
Newfoundland and Labrador,10,Female,Japanese,30,25,0,0,0
Newfoundland and Labrador,10,Female,Kartvelian languages,0,0,0,0,0
Newfoundland and Labrador,10,Female,Georgian,0,0,0,0,0
Newfoundland and Labrador,10,Female,Korean,80,70,0,5,5
Newfoundland and Labrador,10,Female,Mongolic languages,0,5,0,0,0
Newfoundland and Labrador,10,Female,Mongolian,0,0,0,0,0
Newfoundland and Labrador,10,Female,Niger-Congo languages,150,115,0,20,15
Newfoundland and Labrador,10,Female,Akan (Twi),15,15,0,0,0
Newfoundland and Labrador,10,Female,Bamanankan,0,0,0,0,0
Newfoundland and Labrador,10,Female,Edo,0,0,0,0,0
Newfoundland and Labrador,10,Female,Ewe,0,0,0,0,0
Newfoundland and Labrador,10,Female,"Fulah (Pular, Pulaar, Fulfulde)",0,0,0,0,0
Newfoundland and Labrador,10,Female,Ga,5,0,0,0,0
Newfoundland and Labrador,10,Female,Ganda,0,0,0,0,0
Newfoundland and Labrador,10,Female,Igbo,15,10,0,0,0
Newfoundland and Labrador,10,Female,Lingala,5,0,0,5,0
Newfoundland and Labrador,10,Female,Rundi (Kirundi),10,5,0,0,0
Newfoundland and Labrador,10,Female,Kinyarwanda (Rwanda),5,0,0,5,0
Newfoundland and Labrador,10,Female,Shona,15,15,0,0,0
Newfoundland and Labrador,10,Female,Swahili,25,5,0,0,20
Newfoundland and Labrador,10,Female,Wolof,5,5,0,0,0
Newfoundland and Labrador,10,Female,Yoruba,25,20,0,0,0
Newfoundland and Labrador,10,Female,"Niger-Congo languages, n.i.e.",35,30,0,5,0
Newfoundland and Labrador,10,Female,Nilo-Saharan languages,20,15,5,5,5
Newfoundland and Labrador,10,Female,Dinka,5,0,0,0,0
Newfoundland and Labrador,10,Female,"Nilo-Saharan languages, n.i.e.",10,10,0,0,0
Newfoundland and Labrador,10,Female,Sign languages,50,30,0,0,20
Newfoundland and Labrador,10,Female,American Sign Language,25,20,0,0,5
Newfoundland and Labrador,10,Female,Quebec Sign Language,0,0,0,0,0
Newfoundland and Labrador,10,Female,"Sign languages, n.i.e",25,15,0,0,20
Newfoundland and Labrador,10,Female,Sino-Tibetan languages,790,710,0,15,70
Newfoundland and Labrador,10,Female,Chinese languages,775,695,0,15,65
Newfoundland and Labrador,10,Female,Cantonese,160,135,0,5,25
Newfoundland and Labrador,10,Female,Hakka,5,5,0,0,0
Newfoundland and Labrador,10,Female,Mandarin,495,460,0,5,30
Newfoundland and Labrador,10,Female,Min Dong,0,0,0,0,0
Newfoundland and Labrador,10,Female,"Min Nan (Chaochow, Teochow, Fukien, Taiwanese)",20,20,0,0,0
Newfoundland and Labrador,10,Female,Wu (Shanghainese),10,10,0,0,0
Newfoundland and Labrador,10,Female,"Chinese, n.o.s.",85,75,0,5,5
Newfoundland and Labrador,10,Female,"Chinese languages, n.i.e.",0,5,0,0,0
Newfoundland and Labrador,10,Female,Tibeto-Burman languages,10,15,0,0,0
Newfoundland and Labrador,10,Female,Burmese,10,5,0,0,0
Newfoundland and Labrador,10,Female,Karenic languages,0,5,0,0,0
Newfoundland and Labrador,10,Female,Tibetan,0,5,0,0,0
Newfoundland and Labrador,10,Female,"Tibeto-Burman languages, n.i.e.",0,5,0,0,0
Newfoundland and Labrador,10,Female,Tai-Kadai languages,30,30,0,0,0
Newfoundland and Labrador,10,Female,Lao,0,5,0,0,0
Newfoundland and Labrador,10,Female,Thai,25,30,0,0,0
Newfoundland and Labrador,10,Female,"Tai-Kadai languages, n.i.e",0,0,0,0,0
Newfoundland and Labrador,10,Female,Turkic languages,30,25,0,5,0
Newfoundland and Labrador,10,Female,Azerbaijani,0,5,0,0,0
Newfoundland and Labrador,10,Female,Turkish,15,10,0,5,0
Newfoundland and Labrador,10,Female,Uyghur,0,0,0,0,0
Newfoundland and Labrador,10,Female,Uzbek,5,5,0,0,0
Newfoundland and Labrador,10,Female,"Turkic languages, n.i.e.",5,5,0,0,0
Newfoundland and Labrador,10,Female,Uralic languages,70,55,0,15,5
Newfoundland and Labrador,10,Female,Estonian,15,5,0,5,5
Newfoundland and Labrador,10,Female,Finnish,15,15,0,5,0
Newfoundland and Labrador,10,Female,Hungarian,40,35,0,5,0
Newfoundland and Labrador,10,Female,"Uralic languages, n.i.e.",0,0,0,0,0
Newfoundland and Labrador,10,Female,"Other languages, n.i.e.",5,5,0,0,0
Newfoundland and Labrador,10,Female,Multiple responses,875,540,0,335,5
Newfoundland and Labrador,10,Female,English and French,335,75,0,265,0
Newfoundland and Labrador,10,Female,English and non-official language,495,455,0,35,5
Newfoundland and Labrador,10,Female,French and non-official language,30,5,0,20,0
Newfoundland and Labrador,10,Female,"English, French and non-official language",15,0,0,15,0
